actor_name_Node1,actor_name_Node2,admin2Name,date,year,edge_exist,latitude,longitude,GID,admin_name,admin_level,matched_concept,HI-KG-concept,token
Bouarpeople,3R,Bouar,2017-12-01,2017,1,5.9354018,15.5921894,CAF.11.3_1,Bouar,Adm2,3R,3rArmedNonGovernmentalOrganizedGroup,3R
Bouarpeople,FDPC,Bouar,2017-12-01,2017,1,5.9354018,15.5921894,CAF.11.3_1,Bouar,Adm2,FDPC,fdpcArmedNonGovernmentalOrganizedGroup,FDPC
Bouarpeople,FPRC,Bouar,2017-12-01,2017,1,5.9354018,15.5921894,CAF.11.3_1,Bouar,Adm2,FPRC,fprcArmedNonGovernmentalOrganizedGroup,FPRC
Bouarpeople,FPRC-AK,Bouar,2017-12-01,2017,1,5.9354018,15.5921894,CAF.11.3_1,Bouar,Adm2,FPRC,fprcArmedNonGovernmentalOrganizedGroup,FPRC
Bouarpeople,LRA,Bouar,2017-12-01,2017,1,5.9354018,15.5921894,CAF.11.3_1,Bouar,Adm2,LRA,lraArmedNonGovernmentalOrganizedGroup,LRA
Bouarpeople,MLCJ,Bouar,2017-12-01,2017,1,5.9354018,15.5921894,CAF.11.3_1,Bouar,Adm2,MLCJ,mlcjArmedNonGovernmentalOrganizedGroup,MLCJ
Bouarpeople,MNLC,Bouar,2017-12-01,2017,1,5.9354018,15.5921894,CAF.11.3_1,Bouar,Adm2,,,
Bouarpeople,MPC,Bouar,2017-12-01,2017,1,5.9354018,15.5921894,CAF.11.3_1,Bouar,Adm2,MPC,mpcArmedNonGovernmentalOrganizedGroup,MPC
Bouarpeople,RJ,Bouar,2017-12-01,2017,1,5.9354018,15.5921894,CAF.11.3_1,Bouar,Adm2,RJ,rjArmedNonGovernmentalOrganizedGroup,RJ
Bouarpeople,RPRC,Bouar,2017-12-01,2017,1,5.9354018,15.5921894,CAF.11.3_1,Bouar,Adm2,RPRC,rprcArmedNonGovernmentalOrganizedGroup,RPRC
Bouarpeople,UPC,Bouar,2017-12-01,2017,1,5.9354018,15.5921894,CAF.11.3_1,Bouar,Adm2,UPC,upcArmedNonGovernmentalOrganizedGroup,UPC
Bouarpeople,anti-balaka,Bouar,2017-12-01,2017,1,5.9354018,15.5921894,CAF.11.3_1,Bouar,Adm2,Anti-Balaka,antibalakaArmedNonGovernmentalOrganizedGroup,Anti-Balaka
Bossangoapeople,3R,Bossangoa,2017-06-01,2017,1,6.4924441,17.4463162,CAF.15.2_1,Bossangoa,Adm2,3R,3rArmedNonGovernmentalOrganizedGroup,3R
Bossangoapeople,FDPC,Bossangoa,2017-06-01,2017,1,6.4924441,17.4463162,CAF.15.2_1,Bossangoa,Adm2,FDPC,fdpcArmedNonGovernmentalOrganizedGroup,FDPC
Bossangoapeople,FPRC,Bossangoa,2017-06-01,2017,1,6.4924441,17.4463162,CAF.15.2_1,Bossangoa,Adm2,FPRC,fprcArmedNonGovernmentalOrganizedGroup,FPRC
Bossangoapeople,FPRC-AK,Bossangoa,2017-06-01,2017,1,6.4924441,17.4463162,CAF.15.2_1,Bossangoa,Adm2,FPRC,fprcArmedNonGovernmentalOrganizedGroup,FPRC
Bossangoapeople,LRA,Bossangoa,2017-06-01,2017,1,6.4924441,17.4463162,CAF.15.2_1,Bossangoa,Adm2,LRA,lraArmedNonGovernmentalOrganizedGroup,LRA
Bossangoapeople,MLCJ,Bossangoa,2017-06-01,2017,1,6.4924441,17.4463162,CAF.15.2_1,Bossangoa,Adm2,MLCJ,mlcjArmedNonGovernmentalOrganizedGroup,MLCJ
Bossangoapeople,MNLC,Bossangoa,2017-06-01,2017,1,6.4924441,17.4463162,CAF.15.2_1,Bossangoa,Adm2,,,
Bossangoapeople,MPC,Bossangoa,2017-06-01,2017,1,6.4924441,17.4463162,CAF.15.2_1,Bossangoa,Adm2,MPC,mpcArmedNonGovernmentalOrganizedGroup,MPC
Bossangoapeople,RJ,Bossangoa,2017-06-01,2017,1,6.4924441,17.4463162,CAF.15.2_1,Bossangoa,Adm2,RJ,rjArmedNonGovernmentalOrganizedGroup,RJ
Bossangoapeople,RPRC,Bossangoa,2017-06-01,2017,1,6.4924441,17.4463162,CAF.15.2_1,Bossangoa,Adm2,RPRC,rprcArmedNonGovernmentalOrganizedGroup,RPRC
Bossangoapeople,UPC,Bossangoa,2017-06-01,2017,1,6.4924441,17.4463162,CAF.15.2_1,Bossangoa,Adm2,UPC,upcArmedNonGovernmentalOrganizedGroup,UPC
Bossangoapeople,anti-balaka,Bossangoa,2017-06-01,2017,1,6.4924441,17.4463162,CAF.15.2_1,Bossangoa,Adm2,Anti-Balaka,antibalakaArmedNonGovernmentalOrganizedGroup,Anti-Balaka
Batangafopeople,3R,Batangafo,2015-12-01,2015,1,7.3039831,18.2910914,CAF.15.1_1,Batangafo,Adm2,3R,3rArmedNonGovernmentalOrganizedGroup,3R
Batangafopeople,3R,Batangafo,2016-03-01,2016,1,7.3039831,18.2910914,CAF.15.1_1,Batangafo,Adm2,3R,3rArmedNonGovernmentalOrganizedGroup,3R
Batangafopeople,3R,Batangafo,2018-02-01,2018,1,7.3039831,18.2910914,CAF.15.1_1,Batangafo,Adm2,3R,3rArmedNonGovernmentalOrganizedGroup,3R
Batangafopeople,3R,Batangafo,2019-01-01,2019,1,7.3039831,18.2910914,CAF.15.1_1,Batangafo,Adm2,3R,3rArmedNonGovernmentalOrganizedGroup,3R
Batangafopeople,FDPC,Batangafo,2015-12-01,2015,1,7.3039831,18.2910914,CAF.15.1_1,Batangafo,Adm2,FDPC,fdpcArmedNonGovernmentalOrganizedGroup,FDPC
Batangafopeople,FDPC,Batangafo,2016-03-01,2016,1,7.3039831,18.2910914,CAF.15.1_1,Batangafo,Adm2,FDPC,fdpcArmedNonGovernmentalOrganizedGroup,FDPC
Batangafopeople,FDPC,Batangafo,2018-02-01,2018,1,7.3039831,18.2910914,CAF.15.1_1,Batangafo,Adm2,FDPC,fdpcArmedNonGovernmentalOrganizedGroup,FDPC
Batangafopeople,FDPC,Batangafo,2019-01-01,2019,1,7.3039831,18.2910914,CAF.15.1_1,Batangafo,Adm2,FDPC,fdpcArmedNonGovernmentalOrganizedGroup,FDPC
Batangafopeople,FPRC,Batangafo,2015-12-01,2015,1,7.3039831,18.2910914,CAF.15.1_1,Batangafo,Adm2,FPRC,fprcArmedNonGovernmentalOrganizedGroup,FPRC
Batangafopeople,FPRC,Batangafo,2016-03-01,2016,1,7.3039831,18.2910914,CAF.15.1_1,Batangafo,Adm2,FPRC,fprcArmedNonGovernmentalOrganizedGroup,FPRC
Batangafopeople,FPRC,Batangafo,2018-02-01,2018,1,7.3039831,18.2910914,CAF.15.1_1,Batangafo,Adm2,FPRC,fprcArmedNonGovernmentalOrganizedGroup,FPRC
Batangafopeople,FPRC,Batangafo,2019-01-01,2019,1,7.3039831,18.2910914,CAF.15.1_1,Batangafo,Adm2,FPRC,fprcArmedNonGovernmentalOrganizedGroup,FPRC
Batangafopeople,FPRC-AK,Batangafo,2015-12-01,2015,1,7.3039831,18.2910914,CAF.15.1_1,Batangafo,Adm2,FPRC,fprcArmedNonGovernmentalOrganizedGroup,FPRC
Batangafopeople,FPRC-AK,Batangafo,2016-03-01,2016,1,7.3039831,18.2910914,CAF.15.1_1,Batangafo,Adm2,FPRC,fprcArmedNonGovernmentalOrganizedGroup,FPRC
Batangafopeople,FPRC-AK,Batangafo,2018-02-01,2018,1,7.3039831,18.2910914,CAF.15.1_1,Batangafo,Adm2,FPRC,fprcArmedNonGovernmentalOrganizedGroup,FPRC
Batangafopeople,FPRC-AK,Batangafo,2019-01-01,2019,1,7.3039831,18.2910914,CAF.15.1_1,Batangafo,Adm2,FPRC,fprcArmedNonGovernmentalOrganizedGroup,FPRC
Batangafopeople,LRA,Batangafo,2015-12-01,2015,1,7.3039831,18.2910914,CAF.15.1_1,Batangafo,Adm2,LRA,lraArmedNonGovernmentalOrganizedGroup,LRA
Batangafopeople,LRA,Batangafo,2016-03-01,2016,1,7.3039831,18.2910914,CAF.15.1_1,Batangafo,Adm2,LRA,lraArmedNonGovernmentalOrganizedGroup,LRA
Batangafopeople,LRA,Batangafo,2018-02-01,2018,1,7.3039831,18.2910914,CAF.15.1_1,Batangafo,Adm2,LRA,lraArmedNonGovernmentalOrganizedGroup,LRA
Batangafopeople,LRA,Batangafo,2019-01-01,2019,1,7.3039831,18.2910914,CAF.15.1_1,Batangafo,Adm2,LRA,lraArmedNonGovernmentalOrganizedGroup,LRA
Batangafopeople,MLCJ,Batangafo,2015-12-01,2015,1,7.3039831,18.2910914,CAF.15.1_1,Batangafo,Adm2,MLCJ,mlcjArmedNonGovernmentalOrganizedGroup,MLCJ
Batangafopeople,MLCJ,Batangafo,2016-03-01,2016,1,7.3039831,18.2910914,CAF.15.1_1,Batangafo,Adm2,MLCJ,mlcjArmedNonGovernmentalOrganizedGroup,MLCJ
Batangafopeople,MLCJ,Batangafo,2018-02-01,2018,1,7.3039831,18.2910914,CAF.15.1_1,Batangafo,Adm2,MLCJ,mlcjArmedNonGovernmentalOrganizedGroup,MLCJ
Batangafopeople,MLCJ,Batangafo,2019-01-01,2019,1,7.3039831,18.2910914,CAF.15.1_1,Batangafo,Adm2,MLCJ,mlcjArmedNonGovernmentalOrganizedGroup,MLCJ
Batangafopeople,MNLC,Batangafo,2018-02-01,2018,1,7.3039831,18.2910914,CAF.15.1_1,Batangafo,Adm2,,,
Batangafopeople,MPC,Batangafo,2015-12-01,2015,1,7.3039831,18.2910914,CAF.15.1_1,Batangafo,Adm2,MPC,mpcArmedNonGovernmentalOrganizedGroup,MPC
Batangafopeople,MPC,Batangafo,2016-03-01,2016,1,7.3039831,18.2910914,CAF.15.1_1,Batangafo,Adm2,MPC,mpcArmedNonGovernmentalOrganizedGroup,MPC
Batangafopeople,MPC,Batangafo,2018-02-01,2018,1,7.3039831,18.2910914,CAF.15.1_1,Batangafo,Adm2,MPC,mpcArmedNonGovernmentalOrganizedGroup,MPC
Batangafopeople,MPC,Batangafo,2019-01-01,2019,1,7.3039831,18.2910914,CAF.15.1_1,Batangafo,Adm2,MPC,mpcArmedNonGovernmentalOrganizedGroup,MPC
Batangafopeople,RJ,Batangafo,2015-12-01,2015,1,7.3039831,18.2910914,CAF.15.1_1,Batangafo,Adm2,RJ,rjArmedNonGovernmentalOrganizedGroup,RJ
Batangafopeople,RJ,Batangafo,2016-03-01,2016,1,7.3039831,18.2910914,CAF.15.1_1,Batangafo,Adm2,RJ,rjArmedNonGovernmentalOrganizedGroup,RJ
Batangafopeople,RJ,Batangafo,2018-02-01,2018,1,7.3039831,18.2910914,CAF.15.1_1,Batangafo,Adm2,RJ,rjArmedNonGovernmentalOrganizedGroup,RJ
Batangafopeople,RJ,Batangafo,2019-01-01,2019,1,7.3039831,18.2910914,CAF.15.1_1,Batangafo,Adm2,RJ,rjArmedNonGovernmentalOrganizedGroup,RJ
Batangafopeople,RPRC,Batangafo,2015-12-01,2015,1,7.3039831,18.2910914,CAF.15.1_1,Batangafo,Adm2,RPRC,rprcArmedNonGovernmentalOrganizedGroup,RPRC
Batangafopeople,RPRC,Batangafo,2016-03-01,2016,1,7.3039831,18.2910914,CAF.15.1_1,Batangafo,Adm2,RPRC,rprcArmedNonGovernmentalOrganizedGroup,RPRC
Batangafopeople,RPRC,Batangafo,2018-02-01,2018,1,7.3039831,18.2910914,CAF.15.1_1,Batangafo,Adm2,RPRC,rprcArmedNonGovernmentalOrganizedGroup,RPRC
Batangafopeople,RPRC,Batangafo,2019-01-01,2019,1,7.3039831,18.2910914,CAF.15.1_1,Batangafo,Adm2,RPRC,rprcArmedNonGovernmentalOrganizedGroup,RPRC
Batangafopeople,UPC,Batangafo,2015-12-01,2015,1,7.3039831,18.2910914,CAF.15.1_1,Batangafo,Adm2,UPC,upcArmedNonGovernmentalOrganizedGroup,UPC
Batangafopeople,UPC,Batangafo,2016-03-01,2016,1,7.3039831,18.2910914,CAF.15.1_1,Batangafo,Adm2,UPC,upcArmedNonGovernmentalOrganizedGroup,UPC
Batangafopeople,UPC,Batangafo,2018-02-01,2018,1,7.3039831,18.2910914,CAF.15.1_1,Batangafo,Adm2,UPC,upcArmedNonGovernmentalOrganizedGroup,UPC
Batangafopeople,UPC,Batangafo,2019-01-01,2019,1,7.3039831,18.2910914,CAF.15.1_1,Batangafo,Adm2,UPC,upcArmedNonGovernmentalOrganizedGroup,UPC
Batangafopeople,anti-balaka,Batangafo,2015-12-01,2015,1,7.3039831,18.2910914,CAF.15.1_1,Batangafo,Adm2,Anti-Balaka,antibalakaArmedNonGovernmentalOrganizedGroup,Anti-Balaka
Batangafopeople,anti-balaka,Batangafo,2016-03-01,2016,1,7.3039831,18.2910914,CAF.15.1_1,Batangafo,Adm2,Anti-Balaka,antibalakaArmedNonGovernmentalOrganizedGroup,Anti-Balaka
Batangafopeople,anti-balaka,Batangafo,2018-02-01,2018,1,7.3039831,18.2910914,CAF.15.1_1,Batangafo,Adm2,Anti-Balaka,antibalakaArmedNonGovernmentalOrganizedGroup,Anti-Balaka
Batangafopeople,anti-balaka,Batangafo,2019-01-01,2019,1,7.3039831,18.2910914,CAF.15.1_1,Batangafo,Adm2,Anti-Balaka,antibalakaArmedNonGovernmentalOrganizedGroup,Anti-Balaka
Mbrèspeople,3R,Mbrès,2016-06-01,2016,1,6.6707252,19.7977333,CAF.10.2_1,Mbrès,Adm2,3R,3rArmedNonGovernmentalOrganizedGroup,3R
Mbrèspeople,FDPC,Mbrès,2016-06-01,2016,1,6.6707252,19.7977333,CAF.10.2_1,Mbrès,Adm2,FDPC,fdpcArmedNonGovernmentalOrganizedGroup,FDPC
Mbrèspeople,FPRC,Mbrès,2016-06-01,2016,1,6.6707252,19.7977333,CAF.10.2_1,Mbrès,Adm2,FPRC,fprcArmedNonGovernmentalOrganizedGroup,FPRC
Mbrèspeople,FPRC-AK,Mbrès,2016-06-01,2016,1,6.6707252,19.7977333,CAF.10.2_1,Mbrès,Adm2,FPRC,fprcArmedNonGovernmentalOrganizedGroup,FPRC
Mbrèspeople,LRA,Mbrès,2016-06-01,2016,1,6.6707252,19.7977333,CAF.10.2_1,Mbrès,Adm2,LRA,lraArmedNonGovernmentalOrganizedGroup,LRA
Mbrèspeople,MLCJ,Mbrès,2016-06-01,2016,1,6.6707252,19.7977333,CAF.10.2_1,Mbrès,Adm2,MLCJ,mlcjArmedNonGovernmentalOrganizedGroup,MLCJ
Mbrèspeople,MPC,Mbrès,2016-06-01,2016,1,6.6707252,19.7977333,CAF.10.2_1,Mbrès,Adm2,MPC,mpcArmedNonGovernmentalOrganizedGroup,MPC
Mbrèspeople,RJ,Mbrès,2016-06-01,2016,1,6.6707252,19.7977333,CAF.10.2_1,Mbrès,Adm2,RJ,rjArmedNonGovernmentalOrganizedGroup,RJ
Mbrèspeople,RPRC,Mbrès,2016-06-01,2016,1,6.6707252,19.7977333,CAF.10.2_1,Mbrès,Adm2,RPRC,rprcArmedNonGovernmentalOrganizedGroup,RPRC
Mbrèspeople,UPC,Mbrès,2016-06-01,2016,1,6.6707252,19.7977333,CAF.10.2_1,Mbrès,Adm2,UPC,upcArmedNonGovernmentalOrganizedGroup,UPC
Mbrèspeople,anti-balaka,Mbrès,2016-06-01,2016,1,6.6707252,19.7977333,CAF.10.2_1,Mbrès,Adm2,Anti-Balaka,antibalakaArmedNonGovernmentalOrganizedGroup,Anti-Balaka
Biraopeople,3R,Birao,2017-11-01,2017,1,10.2961965,22.7809907,CAF.17.1_1,Birao,Adm2,3R,3rArmedNonGovernmentalOrganizedGroup,3R
Biraopeople,3R,Birao,2019-08-01,2019,1,10.2961965,22.7809907,CAF.17.1_1,Birao,Adm2,3R,3rArmedNonGovernmentalOrganizedGroup,3R
Biraopeople,FDPC,Birao,2017-11-01,2017,1,10.2961965,22.7809907,CAF.17.1_1,Birao,Adm2,FDPC,fdpcArmedNonGovernmentalOrganizedGroup,FDPC
Biraopeople,FDPC,Birao,2019-08-01,2019,1,10.2961965,22.7809907,CAF.17.1_1,Birao,Adm2,FDPC,fdpcArmedNonGovernmentalOrganizedGroup,FDPC
Biraopeople,FPRC,Birao,2017-11-01,2017,1,10.2961965,22.7809907,CAF.17.1_1,Birao,Adm2,FPRC,fprcArmedNonGovernmentalOrganizedGroup,FPRC
Biraopeople,FPRC,Birao,2019-08-01,2019,1,10.2961965,22.7809907,CAF.17.1_1,Birao,Adm2,FPRC,fprcArmedNonGovernmentalOrganizedGroup,FPRC
Biraopeople,FPRC-AK,Birao,2017-11-01,2017,1,10.2961965,22.7809907,CAF.17.1_1,Birao,Adm2,FPRC,fprcArmedNonGovernmentalOrganizedGroup,FPRC
Biraopeople,FPRC-AK,Birao,2019-08-01,2019,1,10.2961965,22.7809907,CAF.17.1_1,Birao,Adm2,FPRC,fprcArmedNonGovernmentalOrganizedGroup,FPRC
Biraopeople,LRA,Birao,2017-11-01,2017,1,10.2961965,22.7809907,CAF.17.1_1,Birao,Adm2,LRA,lraArmedNonGovernmentalOrganizedGroup,LRA
Biraopeople,LRA,Birao,2019-08-01,2019,1,10.2961965,22.7809907,CAF.17.1_1,Birao,Adm2,LRA,lraArmedNonGovernmentalOrganizedGroup,LRA
Biraopeople,MLCJ,Birao,2017-11-01,2017,1,10.2961965,22.7809907,CAF.17.1_1,Birao,Adm2,MLCJ,mlcjArmedNonGovernmentalOrganizedGroup,MLCJ
Biraopeople,MLCJ,Birao,2019-08-01,2019,1,10.2961965,22.7809907,CAF.17.1_1,Birao,Adm2,MLCJ,mlcjArmedNonGovernmentalOrganizedGroup,MLCJ
Biraopeople,MNLC,Birao,2017-11-01,2017,1,10.2961965,22.7809907,CAF.17.1_1,Birao,Adm2,,,
Biraopeople,MPC,Birao,2017-11-01,2017,1,10.2961965,22.7809907,CAF.17.1_1,Birao,Adm2,MPC,mpcArmedNonGovernmentalOrganizedGroup,MPC
Biraopeople,MPC,Birao,2019-08-01,2019,1,10.2961965,22.7809907,CAF.17.1_1,Birao,Adm2,MPC,mpcArmedNonGovernmentalOrganizedGroup,MPC
Biraopeople,PRNC,Birao,2019-08-01,2019,1,10.2961965,22.7809907,CAF.17.1_1,Birao,Adm2,PRNC,prncArmedNonGovernmentalOrganizedGroup,PRNC
Biraopeople,RJ,Birao,2017-11-01,2017,1,10.2961965,22.7809907,CAF.17.1_1,Birao,Adm2,RJ,rjArmedNonGovernmentalOrganizedGroup,RJ
Biraopeople,RPRC,Birao,2017-11-01,2017,1,10.2961965,22.7809907,CAF.17.1_1,Birao,Adm2,RPRC,rprcArmedNonGovernmentalOrganizedGroup,RPRC
Biraopeople,RPRC,Birao,2019-08-01,2019,1,10.2961965,22.7809907,CAF.17.1_1,Birao,Adm2,RPRC,rprcArmedNonGovernmentalOrganizedGroup,RPRC
Biraopeople,UPC,Birao,2017-11-01,2017,1,10.2961965,22.7809907,CAF.17.1_1,Birao,Adm2,UPC,upcArmedNonGovernmentalOrganizedGroup,UPC
Biraopeople,UPC,Birao,2019-08-01,2019,1,10.2961965,22.7809907,CAF.17.1_1,Birao,Adm2,UPC,upcArmedNonGovernmentalOrganizedGroup,UPC
Biraopeople,anti-balaka,Birao,2017-11-01,2017,1,10.2961965,22.7809907,CAF.17.1_1,Birao,Adm2,Anti-Balaka,antibalakaArmedNonGovernmentalOrganizedGroup,Anti-Balaka
Biraopeople,anti-balaka,Birao,2019-08-01,2019,1,10.2961965,22.7809907,CAF.17.1_1,Birao,Adm2,Anti-Balaka,antibalakaArmedNonGovernmentalOrganizedGroup,Anti-Balaka
Ndélépeople,3R,Ndélé,2020-08-01,2020,1,8.4111477,20.648473,CAF.1.2_1,Ndélé,Adm2,3R,3rArmedNonGovernmentalOrganizedGroup,3R
Ndélépeople,FPRC,Ndélé,2020-08-01,2020,1,8.4111477,20.648473,CAF.1.2_1,Ndélé,Adm2,FPRC,fprcArmedNonGovernmentalOrganizedGroup,FPRC
Ndélépeople,FPRC-AK,Ndélé,2020-08-01,2020,1,8.4111477,20.648473,CAF.1.2_1,Ndélé,Adm2,FPRC,fprcArmedNonGovernmentalOrganizedGroup,FPRC
Ndélépeople,LRA,Ndélé,2020-08-01,2020,1,8.4111477,20.648473,CAF.1.2_1,Ndélé,Adm2,LRA,lraArmedNonGovernmentalOrganizedGroup,LRA
Ndélépeople,MLCJ,Ndélé,2020-08-01,2020,1,8.4111477,20.648473,CAF.1.2_1,Ndélé,Adm2,MLCJ,mlcjArmedNonGovernmentalOrganizedGroup,MLCJ
Ndélépeople,MPC,Ndélé,2020-08-01,2020,1,8.4111477,20.648473,CAF.1.2_1,Ndélé,Adm2,MPC,mpcArmedNonGovernmentalOrganizedGroup,MPC
Ndélépeople,PRNC,Ndélé,2020-08-01,2020,1,8.4111477,20.648473,CAF.1.2_1,Ndélé,Adm2,PRNC,prncArmedNonGovernmentalOrganizedGroup,PRNC
Ndélépeople,RPRC,Ndélé,2020-08-01,2020,1,8.4111477,20.648473,CAF.1.2_1,Ndélé,Adm2,RPRC,rprcArmedNonGovernmentalOrganizedGroup,RPRC
Ndélépeople,UPC,Ndélé,2020-08-01,2020,1,8.4111477,20.648473,CAF.1.2_1,Ndélé,Adm2,UPC,upcArmedNonGovernmentalOrganizedGroup,UPC
Ndélépeople,anti-balaka,Ndélé,2020-08-01,2020,1,8.4111477,20.648473,CAF.1.2_1,Ndélé,Adm2,Anti-Balaka,antibalakaArmedNonGovernmentalOrganizedGroup,Anti-Balaka
Ouaddapeople,3R,Ouadda,2020-08-01,2020,1,8.0715808,22.3962224,CAF.5.2_1,Ouadda,Adm2,3R,3rArmedNonGovernmentalOrganizedGroup,3R
Ouaddapeople,FPRC,Ouadda,2020-08-01,2020,1,8.0715808,22.3962224,CAF.5.2_1,Ouadda,Adm2,FPRC,fprcArmedNonGovernmentalOrganizedGroup,FPRC
Ouaddapeople,FPRC-AK,Ouadda,2020-08-01,2020,1,8.0715808,22.3962224,CAF.5.2_1,Ouadda,Adm2,FPRC,fprcArmedNonGovernmentalOrganizedGroup,FPRC
Ouaddapeople,LRA,Ouadda,2020-08-01,2020,1,8.0715808,22.3962224,CAF.5.2_1,Ouadda,Adm2,LRA,lraArmedNonGovernmentalOrganizedGroup,LRA
Ouaddapeople,MLCJ,Ouadda,2020-08-01,2020,1,8.0715808,22.3962224,CAF.5.2_1,Ouadda,Adm2,MLCJ,mlcjArmedNonGovernmentalOrganizedGroup,MLCJ
Ouaddapeople,MPC,Ouadda,2020-08-01,2020,1,8.0715808,22.3962224,CAF.5.2_1,Ouadda,Adm2,MPC,mpcArmedNonGovernmentalOrganizedGroup,MPC
Ouaddapeople,PRNC,Ouadda,2020-08-01,2020,1,8.0715808,22.3962224,CAF.5.2_1,Ouadda,Adm2,PRNC,prncArmedNonGovernmentalOrganizedGroup,PRNC
Ouaddapeople,RPRC,Ouadda,2020-08-01,2020,1,8.0715808,22.3962224,CAF.5.2_1,Ouadda,Adm2,RPRC,rprcArmedNonGovernmentalOrganizedGroup,RPRC
Ouaddapeople,UPC,Ouadda,2020-08-01,2020,1,8.0715808,22.3962224,CAF.5.2_1,Ouadda,Adm2,UPC,upcArmedNonGovernmentalOrganizedGroup,UPC
Ouaddapeople,anti-balaka,Ouadda,2020-08-01,2020,1,8.0715808,22.3962224,CAF.5.2_1,Ouadda,Adm2,Anti-Balaka,antibalakaArmedNonGovernmentalOrganizedGroup,Anti-Balaka
Bangassoupeople,3R,Bangassou,2018-04-01,2018,1,4.743526,22.8232963,CAF.9.2_1,Bangassou,Adm2,3R,3rArmedNonGovernmentalOrganizedGroup,3R
Bangassoupeople,3R,Bangassou,2018-06-01,2018,1,4.743526,22.8232963,CAF.9.2_1,Bangassou,Adm2,3R,3rArmedNonGovernmentalOrganizedGroup,3R
Bangassoupeople,3R,Bangassou,2019-03-01,2019,1,4.743526,22.8232963,CAF.9.2_1,Bangassou,Adm2,3R,3rArmedNonGovernmentalOrganizedGroup,3R
Bangassoupeople,FDPC,Bangassou,2018-04-01,2018,1,4.743526,22.8232963,CAF.9.2_1,Bangassou,Adm2,FDPC,fdpcArmedNonGovernmentalOrganizedGroup,FDPC
Bangassoupeople,FDPC,Bangassou,2018-06-01,2018,1,4.743526,22.8232963,CAF.9.2_1,Bangassou,Adm2,FDPC,fdpcArmedNonGovernmentalOrganizedGroup,FDPC
Bangassoupeople,FDPC,Bangassou,2019-03-01,2019,1,4.743526,22.8232963,CAF.9.2_1,Bangassou,Adm2,FDPC,fdpcArmedNonGovernmentalOrganizedGroup,FDPC
Bangassoupeople,FPRC,Bangassou,2018-04-01,2018,1,4.743526,22.8232963,CAF.9.2_1,Bangassou,Adm2,FPRC,fprcArmedNonGovernmentalOrganizedGroup,FPRC
Bangassoupeople,FPRC,Bangassou,2018-06-01,2018,1,4.743526,22.8232963,CAF.9.2_1,Bangassou,Adm2,FPRC,fprcArmedNonGovernmentalOrganizedGroup,FPRC
Bangassoupeople,FPRC,Bangassou,2019-03-01,2019,1,4.743526,22.8232963,CAF.9.2_1,Bangassou,Adm2,FPRC,fprcArmedNonGovernmentalOrganizedGroup,FPRC
Bangassoupeople,FPRC-AK,Bangassou,2018-04-01,2018,1,4.743526,22.8232963,CAF.9.2_1,Bangassou,Adm2,FPRC,fprcArmedNonGovernmentalOrganizedGroup,FPRC
Bangassoupeople,FPRC-AK,Bangassou,2018-06-01,2018,1,4.743526,22.8232963,CAF.9.2_1,Bangassou,Adm2,FPRC,fprcArmedNonGovernmentalOrganizedGroup,FPRC
Bangassoupeople,FPRC-AK,Bangassou,2019-03-01,2019,1,4.743526,22.8232963,CAF.9.2_1,Bangassou,Adm2,FPRC,fprcArmedNonGovernmentalOrganizedGroup,FPRC
Bangassoupeople,LRA,Bangassou,2018-04-01,2018,1,4.743526,22.8232963,CAF.9.2_1,Bangassou,Adm2,LRA,lraArmedNonGovernmentalOrganizedGroup,LRA
Bangassoupeople,LRA,Bangassou,2018-06-01,2018,1,4.743526,22.8232963,CAF.9.2_1,Bangassou,Adm2,LRA,lraArmedNonGovernmentalOrganizedGroup,LRA
Bangassoupeople,LRA,Bangassou,2019-03-01,2019,1,4.743526,22.8232963,CAF.9.2_1,Bangassou,Adm2,LRA,lraArmedNonGovernmentalOrganizedGroup,LRA
Bangassoupeople,MLCJ,Bangassou,2018-04-01,2018,1,4.743526,22.8232963,CAF.9.2_1,Bangassou,Adm2,MLCJ,mlcjArmedNonGovernmentalOrganizedGroup,MLCJ
Bangassoupeople,MLCJ,Bangassou,2018-06-01,2018,1,4.743526,22.8232963,CAF.9.2_1,Bangassou,Adm2,MLCJ,mlcjArmedNonGovernmentalOrganizedGroup,MLCJ
Bangassoupeople,MLCJ,Bangassou,2019-03-01,2019,1,4.743526,22.8232963,CAF.9.2_1,Bangassou,Adm2,MLCJ,mlcjArmedNonGovernmentalOrganizedGroup,MLCJ
Bangassoupeople,MNLC,Bangassou,2018-04-01,2018,1,4.743526,22.8232963,CAF.9.2_1,Bangassou,Adm2,,,
Bangassoupeople,MNLC,Bangassou,2018-06-01,2018,1,4.743526,22.8232963,CAF.9.2_1,Bangassou,Adm2,,,
Bangassoupeople,MPC,Bangassou,2018-04-01,2018,1,4.743526,22.8232963,CAF.9.2_1,Bangassou,Adm2,MPC,mpcArmedNonGovernmentalOrganizedGroup,MPC
Bangassoupeople,MPC,Bangassou,2018-06-01,2018,1,4.743526,22.8232963,CAF.9.2_1,Bangassou,Adm2,MPC,mpcArmedNonGovernmentalOrganizedGroup,MPC
Bangassoupeople,MPC,Bangassou,2019-03-01,2019,1,4.743526,22.8232963,CAF.9.2_1,Bangassou,Adm2,MPC,mpcArmedNonGovernmentalOrganizedGroup,MPC
Bangassoupeople,RJ,Bangassou,2018-04-01,2018,1,4.743526,22.8232963,CAF.9.2_1,Bangassou,Adm2,RJ,rjArmedNonGovernmentalOrganizedGroup,RJ
Bangassoupeople,RJ,Bangassou,2018-06-01,2018,1,4.743526,22.8232963,CAF.9.2_1,Bangassou,Adm2,RJ,rjArmedNonGovernmentalOrganizedGroup,RJ
Bangassoupeople,RJ,Bangassou,2019-03-01,2019,1,4.743526,22.8232963,CAF.9.2_1,Bangassou,Adm2,RJ,rjArmedNonGovernmentalOrganizedGroup,RJ
Bangassoupeople,RPRC,Bangassou,2018-04-01,2018,1,4.743526,22.8232963,CAF.9.2_1,Bangassou,Adm2,RPRC,rprcArmedNonGovernmentalOrganizedGroup,RPRC
Bangassoupeople,RPRC,Bangassou,2018-06-01,2018,1,4.743526,22.8232963,CAF.9.2_1,Bangassou,Adm2,RPRC,rprcArmedNonGovernmentalOrganizedGroup,RPRC
Bangassoupeople,RPRC,Bangassou,2019-03-01,2019,1,4.743526,22.8232963,CAF.9.2_1,Bangassou,Adm2,RPRC,rprcArmedNonGovernmentalOrganizedGroup,RPRC
Bangassoupeople,UPC,Bangassou,2018-04-01,2018,1,4.743526,22.8232963,CAF.9.2_1,Bangassou,Adm2,UPC,upcArmedNonGovernmentalOrganizedGroup,UPC
Bangassoupeople,UPC,Bangassou,2018-06-01,2018,1,4.743526,22.8232963,CAF.9.2_1,Bangassou,Adm2,UPC,upcArmedNonGovernmentalOrganizedGroup,UPC
Bangassoupeople,UPC,Bangassou,2019-03-01,2019,1,4.743526,22.8232963,CAF.9.2_1,Bangassou,Adm2,UPC,upcArmedNonGovernmentalOrganizedGroup,UPC
Bangassoupeople,anti-balaka,Bangassou,2018-04-01,2018,1,4.743526,22.8232963,CAF.9.2_1,Bangassou,Adm2,Anti-Balaka,antibalakaArmedNonGovernmentalOrganizedGroup,Anti-Balaka
Bangassoupeople,anti-balaka,Bangassou,2018-06-01,2018,1,4.743526,22.8232963,CAF.9.2_1,Bangassou,Adm2,Anti-Balaka,antibalakaArmedNonGovernmentalOrganizedGroup,Anti-Balaka
Bangassoupeople,anti-balaka,Bangassou,2019-03-01,2019,1,4.743526,22.8232963,CAF.9.2_1,Bangassou,Adm2,Anti-Balaka,antibalakaArmedNonGovernmentalOrganizedGroup,Anti-Balaka
Gambopeople,3R,Gambo,2019-02-01,2019,1,48.78547865,-54.20600317657642,,,,3R,3rArmedNonGovernmentalOrganizedGroup,3R
Gambopeople,FDPC,Gambo,2019-02-01,2019,1,48.78547865,-54.20600317657642,,,,FDPC,fdpcArmedNonGovernmentalOrganizedGroup,FDPC
Gambopeople,FPRC,Gambo,2019-02-01,2019,1,48.78547865,-54.20600317657642,,,,FPRC,fprcArmedNonGovernmentalOrganizedGroup,FPRC
Gambopeople,FPRC-AK,Gambo,2019-02-01,2019,1,48.78547865,-54.20600317657642,,,,FPRC,fprcArmedNonGovernmentalOrganizedGroup,FPRC
Gambopeople,LRA,Gambo,2019-02-01,2019,1,48.78547865,-54.20600317657642,,,,LRA,lraArmedNonGovernmentalOrganizedGroup,LRA
Gambopeople,MLCJ,Gambo,2019-02-01,2019,1,48.78547865,-54.20600317657642,,,,MLCJ,mlcjArmedNonGovernmentalOrganizedGroup,MLCJ
Gambopeople,MPC,Gambo,2019-02-01,2019,1,48.78547865,-54.20600317657642,,,,MPC,mpcArmedNonGovernmentalOrganizedGroup,MPC
Gambopeople,RJ,Gambo,2019-02-01,2019,1,48.78547865,-54.20600317657642,,,,RJ,rjArmedNonGovernmentalOrganizedGroup,RJ
Gambopeople,RPRC,Gambo,2019-02-01,2019,1,48.78547865,-54.20600317657642,,,,RPRC,rprcArmedNonGovernmentalOrganizedGroup,RPRC
Gambopeople,UPC,Gambo,2019-02-01,2019,1,48.78547865,-54.20600317657642,,,,UPC,upcArmedNonGovernmentalOrganizedGroup,UPC
Gambopeople,anti-balaka,Gambo,2019-02-01,2019,1,48.78547865,-54.20600317657642,,,,Anti-Balaka,antibalakaArmedNonGovernmentalOrganizedGroup,Anti-Balaka
Bambaripeople,3R,Bambari,2016-01-01,2016,1,5.7680014,20.6755705,CAF.13.2_1,Bambari,Adm2,3R,3rArmedNonGovernmentalOrganizedGroup,3R
Bambaripeople,3R,Bambari,2019-05-01,2019,1,5.7680014,20.6755705,CAF.13.2_1,Bambari,Adm2,3R,3rArmedNonGovernmentalOrganizedGroup,3R
Bambaripeople,FDPC,Bambari,2015-09-01,2015,1,5.7680014,20.6755705,CAF.13.2_1,Bambari,Adm2,FDPC,fdpcArmedNonGovernmentalOrganizedGroup,FDPC
Bambaripeople,FDPC,Bambari,2016-01-01,2016,1,5.7680014,20.6755705,CAF.13.2_1,Bambari,Adm2,FDPC,fdpcArmedNonGovernmentalOrganizedGroup,FDPC
Bambaripeople,FDPC,Bambari,2019-05-01,2019,1,5.7680014,20.6755705,CAF.13.2_1,Bambari,Adm2,FDPC,fdpcArmedNonGovernmentalOrganizedGroup,FDPC
Bambaripeople,FPRC,Bambari,2015-09-01,2015,1,5.7680014,20.6755705,CAF.13.2_1,Bambari,Adm2,FPRC,fprcArmedNonGovernmentalOrganizedGroup,FPRC
Bambaripeople,FPRC,Bambari,2016-01-01,2016,1,5.7680014,20.6755705,CAF.13.2_1,Bambari,Adm2,FPRC,fprcArmedNonGovernmentalOrganizedGroup,FPRC
Bambaripeople,FPRC,Bambari,2019-05-01,2019,1,5.7680014,20.6755705,CAF.13.2_1,Bambari,Adm2,FPRC,fprcArmedNonGovernmentalOrganizedGroup,FPRC
Bambaripeople,FPRC-AK,Bambari,2015-09-01,2015,1,5.7680014,20.6755705,CAF.13.2_1,Bambari,Adm2,FPRC,fprcArmedNonGovernmentalOrganizedGroup,FPRC
Bambaripeople,FPRC-AK,Bambari,2016-01-01,2016,1,5.7680014,20.6755705,CAF.13.2_1,Bambari,Adm2,FPRC,fprcArmedNonGovernmentalOrganizedGroup,FPRC
Bambaripeople,FPRC-AK,Bambari,2019-05-01,2019,1,5.7680014,20.6755705,CAF.13.2_1,Bambari,Adm2,FPRC,fprcArmedNonGovernmentalOrganizedGroup,FPRC
Bambaripeople,LRA,Bambari,2015-09-01,2015,1,5.7680014,20.6755705,CAF.13.2_1,Bambari,Adm2,LRA,lraArmedNonGovernmentalOrganizedGroup,LRA
Bambaripeople,LRA,Bambari,2016-01-01,2016,1,5.7680014,20.6755705,CAF.13.2_1,Bambari,Adm2,LRA,lraArmedNonGovernmentalOrganizedGroup,LRA
Bambaripeople,LRA,Bambari,2019-05-01,2019,1,5.7680014,20.6755705,CAF.13.2_1,Bambari,Adm2,LRA,lraArmedNonGovernmentalOrganizedGroup,LRA
Bambaripeople,MLCJ,Bambari,2015-09-01,2015,1,5.7680014,20.6755705,CAF.13.2_1,Bambari,Adm2,MLCJ,mlcjArmedNonGovernmentalOrganizedGroup,MLCJ
Bambaripeople,MLCJ,Bambari,2016-01-01,2016,1,5.7680014,20.6755705,CAF.13.2_1,Bambari,Adm2,MLCJ,mlcjArmedNonGovernmentalOrganizedGroup,MLCJ
Bambaripeople,MLCJ,Bambari,2019-05-01,2019,1,5.7680014,20.6755705,CAF.13.2_1,Bambari,Adm2,MLCJ,mlcjArmedNonGovernmentalOrganizedGroup,MLCJ
Bambaripeople,MPC,Bambari,2015-09-01,2015,1,5.7680014,20.6755705,CAF.13.2_1,Bambari,Adm2,MPC,mpcArmedNonGovernmentalOrganizedGroup,MPC
Bambaripeople,MPC,Bambari,2016-01-01,2016,1,5.7680014,20.6755705,CAF.13.2_1,Bambari,Adm2,MPC,mpcArmedNonGovernmentalOrganizedGroup,MPC
Bambaripeople,MPC,Bambari,2019-05-01,2019,1,5.7680014,20.6755705,CAF.13.2_1,Bambari,Adm2,MPC,mpcArmedNonGovernmentalOrganizedGroup,MPC
Bambaripeople,PRNC,Bambari,2019-05-01,2019,1,5.7680014,20.6755705,CAF.13.2_1,Bambari,Adm2,PRNC,prncArmedNonGovernmentalOrganizedGroup,PRNC
Bambaripeople,RJ,Bambari,2015-09-01,2015,1,5.7680014,20.6755705,CAF.13.2_1,Bambari,Adm2,RJ,rjArmedNonGovernmentalOrganizedGroup,RJ
Bambaripeople,RJ,Bambari,2016-01-01,2016,1,5.7680014,20.6755705,CAF.13.2_1,Bambari,Adm2,RJ,rjArmedNonGovernmentalOrganizedGroup,RJ
Bambaripeople,RJ,Bambari,2019-05-01,2019,1,5.7680014,20.6755705,CAF.13.2_1,Bambari,Adm2,RJ,rjArmedNonGovernmentalOrganizedGroup,RJ
Bambaripeople,RPRC,Bambari,2015-09-01,2015,1,5.7680014,20.6755705,CAF.13.2_1,Bambari,Adm2,RPRC,rprcArmedNonGovernmentalOrganizedGroup,RPRC
Bambaripeople,RPRC,Bambari,2016-01-01,2016,1,5.7680014,20.6755705,CAF.13.2_1,Bambari,Adm2,RPRC,rprcArmedNonGovernmentalOrganizedGroup,RPRC
Bambaripeople,RPRC,Bambari,2019-05-01,2019,1,5.7680014,20.6755705,CAF.13.2_1,Bambari,Adm2,RPRC,rprcArmedNonGovernmentalOrganizedGroup,RPRC
Bambaripeople,UPC,Bambari,2015-09-01,2015,1,5.7680014,20.6755705,CAF.13.2_1,Bambari,Adm2,UPC,upcArmedNonGovernmentalOrganizedGroup,UPC
Bambaripeople,UPC,Bambari,2016-01-01,2016,1,5.7680014,20.6755705,CAF.13.2_1,Bambari,Adm2,UPC,upcArmedNonGovernmentalOrganizedGroup,UPC
Bambaripeople,UPC,Bambari,2019-05-01,2019,1,5.7680014,20.6755705,CAF.13.2_1,Bambari,Adm2,UPC,upcArmedNonGovernmentalOrganizedGroup,UPC
Bambaripeople,anti-balaka,Bambari,2015-09-01,2015,1,5.7680014,20.6755705,CAF.13.2_1,Bambari,Adm2,Anti-Balaka,antibalakaArmedNonGovernmentalOrganizedGroup,Anti-Balaka
Bambaripeople,anti-balaka,Bambari,2016-01-01,2016,1,5.7680014,20.6755705,CAF.13.2_1,Bambari,Adm2,Anti-Balaka,antibalakaArmedNonGovernmentalOrganizedGroup,Anti-Balaka
Bambaripeople,anti-balaka,Bambari,2019-05-01,2019,1,5.7680014,20.6755705,CAF.13.2_1,Bambari,Adm2,Anti-Balaka,antibalakaArmedNonGovernmentalOrganizedGroup,Anti-Balaka
Mobayepeople,3R,Mobaye,2017-12-01,2017,1,4.3254367,21.1778122,CAF.3.4_1,Mobaye,Adm2,3R,3rArmedNonGovernmentalOrganizedGroup,3R
Mobayepeople,3R,Mobaye,2018-10-01,2018,1,4.3254367,21.1778122,CAF.3.4_1,Mobaye,Adm2,3R,3rArmedNonGovernmentalOrganizedGroup,3R
Mobayepeople,FDPC,Mobaye,2017-12-01,2017,1,4.3254367,21.1778122,CAF.3.4_1,Mobaye,Adm2,FDPC,fdpcArmedNonGovernmentalOrganizedGroup,FDPC
Mobayepeople,FDPC,Mobaye,2018-10-01,2018,1,4.3254367,21.1778122,CAF.3.4_1,Mobaye,Adm2,FDPC,fdpcArmedNonGovernmentalOrganizedGroup,FDPC
Mobayepeople,FPRC,Mobaye,2017-12-01,2017,1,4.3254367,21.1778122,CAF.3.4_1,Mobaye,Adm2,FPRC,fprcArmedNonGovernmentalOrganizedGroup,FPRC
Mobayepeople,FPRC,Mobaye,2018-10-01,2018,1,4.3254367,21.1778122,CAF.3.4_1,Mobaye,Adm2,FPRC,fprcArmedNonGovernmentalOrganizedGroup,FPRC
Mobayepeople,FPRC-AK,Mobaye,2017-12-01,2017,1,4.3254367,21.1778122,CAF.3.4_1,Mobaye,Adm2,FPRC,fprcArmedNonGovernmentalOrganizedGroup,FPRC
Mobayepeople,FPRC-AK,Mobaye,2018-10-01,2018,1,4.3254367,21.1778122,CAF.3.4_1,Mobaye,Adm2,FPRC,fprcArmedNonGovernmentalOrganizedGroup,FPRC
Mobayepeople,LRA,Mobaye,2017-12-01,2017,1,4.3254367,21.1778122,CAF.3.4_1,Mobaye,Adm2,LRA,lraArmedNonGovernmentalOrganizedGroup,LRA
Mobayepeople,LRA,Mobaye,2018-10-01,2018,1,4.3254367,21.1778122,CAF.3.4_1,Mobaye,Adm2,LRA,lraArmedNonGovernmentalOrganizedGroup,LRA
Mobayepeople,MLCJ,Mobaye,2017-12-01,2017,1,4.3254367,21.1778122,CAF.3.4_1,Mobaye,Adm2,MLCJ,mlcjArmedNonGovernmentalOrganizedGroup,MLCJ
Mobayepeople,MLCJ,Mobaye,2018-10-01,2018,1,4.3254367,21.1778122,CAF.3.4_1,Mobaye,Adm2,MLCJ,mlcjArmedNonGovernmentalOrganizedGroup,MLCJ
Mobayepeople,MNLC,Mobaye,2017-12-01,2017,1,4.3254367,21.1778122,CAF.3.4_1,Mobaye,Adm2,,,
Mobayepeople,MPC,Mobaye,2017-12-01,2017,1,4.3254367,21.1778122,CAF.3.4_1,Mobaye,Adm2,MPC,mpcArmedNonGovernmentalOrganizedGroup,MPC
Mobayepeople,MPC,Mobaye,2018-10-01,2018,1,4.3254367,21.1778122,CAF.3.4_1,Mobaye,Adm2,MPC,mpcArmedNonGovernmentalOrganizedGroup,MPC
Mobayepeople,RJ,Mobaye,2017-12-01,2017,1,4.3254367,21.1778122,CAF.3.4_1,Mobaye,Adm2,RJ,rjArmedNonGovernmentalOrganizedGroup,RJ
Mobayepeople,RJ,Mobaye,2018-10-01,2018,1,4.3254367,21.1778122,CAF.3.4_1,Mobaye,Adm2,RJ,rjArmedNonGovernmentalOrganizedGroup,RJ
Mobayepeople,RPRC,Mobaye,2017-12-01,2017,1,4.3254367,21.1778122,CAF.3.4_1,Mobaye,Adm2,RPRC,rprcArmedNonGovernmentalOrganizedGroup,RPRC
Mobayepeople,RPRC,Mobaye,2018-10-01,2018,1,4.3254367,21.1778122,CAF.3.4_1,Mobaye,Adm2,RPRC,rprcArmedNonGovernmentalOrganizedGroup,RPRC
Mobayepeople,UPC,Mobaye,2017-12-01,2017,1,4.3254367,21.1778122,CAF.3.4_1,Mobaye,Adm2,UPC,upcArmedNonGovernmentalOrganizedGroup,UPC
Mobayepeople,UPC,Mobaye,2018-10-01,2018,1,4.3254367,21.1778122,CAF.3.4_1,Mobaye,Adm2,UPC,upcArmedNonGovernmentalOrganizedGroup,UPC
Mobayepeople,anti-balaka,Mobaye,2017-12-01,2017,1,4.3254367,21.1778122,CAF.3.4_1,Mobaye,Adm2,Anti-Balaka,antibalakaArmedNonGovernmentalOrganizedGroup,Anti-Balaka
Mobayepeople,anti-balaka,Mobaye,2018-10-01,2018,1,4.3254367,21.1778122,CAF.3.4_1,Mobaye,Adm2,Anti-Balaka,antibalakaArmedNonGovernmentalOrganizedGroup,Anti-Balaka
Briapeople,3R,Bria,2017-10-01,2017,1,45.82,-0.249167,CAF.5.1_1,Bria,Adm2,3R,3rArmedNonGovernmentalOrganizedGroup,3R
Briapeople,3R,Bria,2017-12-01,2017,1,45.82,-0.249167,CAF.5.1_1,Bria,Adm2,3R,3rArmedNonGovernmentalOrganizedGroup,3R
Briapeople,3R,Bria,2018-05-01,2018,1,45.82,-0.249167,CAF.5.1_1,Bria,Adm2,3R,3rArmedNonGovernmentalOrganizedGroup,3R
Briapeople,3R,Bria,2019-04-01,2019,1,45.82,-0.249167,CAF.5.1_1,Bria,Adm2,3R,3rArmedNonGovernmentalOrganizedGroup,3R
Briapeople,3R,Bria,2019-09-01,2019,1,45.82,-0.249167,CAF.5.1_1,Bria,Adm2,3R,3rArmedNonGovernmentalOrganizedGroup,3R
Briapeople,FDPC,Bria,2017-10-01,2017,1,45.82,-0.249167,CAF.5.1_1,Bria,Adm2,FDPC,fdpcArmedNonGovernmentalOrganizedGroup,FDPC
Briapeople,FDPC,Bria,2017-12-01,2017,1,45.82,-0.249167,CAF.5.1_1,Bria,Adm2,FDPC,fdpcArmedNonGovernmentalOrganizedGroup,FDPC
Briapeople,FDPC,Bria,2018-05-01,2018,1,45.82,-0.249167,CAF.5.1_1,Bria,Adm2,FDPC,fdpcArmedNonGovernmentalOrganizedGroup,FDPC
Briapeople,FDPC,Bria,2019-04-01,2019,1,45.82,-0.249167,CAF.5.1_1,Bria,Adm2,FDPC,fdpcArmedNonGovernmentalOrganizedGroup,FDPC
Briapeople,FDPC,Bria,2019-09-01,2019,1,45.82,-0.249167,CAF.5.1_1,Bria,Adm2,FDPC,fdpcArmedNonGovernmentalOrganizedGroup,FDPC
Briapeople,FPRC,Bria,2017-10-01,2017,1,45.82,-0.249167,CAF.5.1_1,Bria,Adm2,FPRC,fprcArmedNonGovernmentalOrganizedGroup,FPRC
Briapeople,FPRC,Bria,2017-12-01,2017,1,45.82,-0.249167,CAF.5.1_1,Bria,Adm2,FPRC,fprcArmedNonGovernmentalOrganizedGroup,FPRC
Briapeople,FPRC,Bria,2018-05-01,2018,1,45.82,-0.249167,CAF.5.1_1,Bria,Adm2,FPRC,fprcArmedNonGovernmentalOrganizedGroup,FPRC
Briapeople,FPRC,Bria,2019-04-01,2019,1,45.82,-0.249167,CAF.5.1_1,Bria,Adm2,FPRC,fprcArmedNonGovernmentalOrganizedGroup,FPRC
Briapeople,FPRC,Bria,2019-09-01,2019,1,45.82,-0.249167,CAF.5.1_1,Bria,Adm2,FPRC,fprcArmedNonGovernmentalOrganizedGroup,FPRC
Briapeople,FPRC-AK,Bria,2017-10-01,2017,1,45.82,-0.249167,CAF.5.1_1,Bria,Adm2,FPRC,fprcArmedNonGovernmentalOrganizedGroup,FPRC
Briapeople,FPRC-AK,Bria,2017-12-01,2017,1,45.82,-0.249167,CAF.5.1_1,Bria,Adm2,FPRC,fprcArmedNonGovernmentalOrganizedGroup,FPRC
Briapeople,FPRC-AK,Bria,2018-05-01,2018,1,45.82,-0.249167,CAF.5.1_1,Bria,Adm2,FPRC,fprcArmedNonGovernmentalOrganizedGroup,FPRC
Briapeople,FPRC-AK,Bria,2019-04-01,2019,1,45.82,-0.249167,CAF.5.1_1,Bria,Adm2,FPRC,fprcArmedNonGovernmentalOrganizedGroup,FPRC
Briapeople,FPRC-AK,Bria,2019-09-01,2019,1,45.82,-0.249167,CAF.5.1_1,Bria,Adm2,FPRC,fprcArmedNonGovernmentalOrganizedGroup,FPRC
Briapeople,LRA,Bria,2017-10-01,2017,1,45.82,-0.249167,CAF.5.1_1,Bria,Adm2,LRA,lraArmedNonGovernmentalOrganizedGroup,LRA
Briapeople,LRA,Bria,2017-12-01,2017,1,45.82,-0.249167,CAF.5.1_1,Bria,Adm2,LRA,lraArmedNonGovernmentalOrganizedGroup,LRA
Briapeople,LRA,Bria,2018-05-01,2018,1,45.82,-0.249167,CAF.5.1_1,Bria,Adm2,LRA,lraArmedNonGovernmentalOrganizedGroup,LRA
Briapeople,LRA,Bria,2019-04-01,2019,1,45.82,-0.249167,CAF.5.1_1,Bria,Adm2,LRA,lraArmedNonGovernmentalOrganizedGroup,LRA
Briapeople,LRA,Bria,2019-09-01,2019,1,45.82,-0.249167,CAF.5.1_1,Bria,Adm2,LRA,lraArmedNonGovernmentalOrganizedGroup,LRA
Briapeople,MLCJ,Bria,2017-10-01,2017,1,45.82,-0.249167,CAF.5.1_1,Bria,Adm2,MLCJ,mlcjArmedNonGovernmentalOrganizedGroup,MLCJ
Briapeople,MLCJ,Bria,2017-12-01,2017,1,45.82,-0.249167,CAF.5.1_1,Bria,Adm2,MLCJ,mlcjArmedNonGovernmentalOrganizedGroup,MLCJ
Briapeople,MLCJ,Bria,2018-05-01,2018,1,45.82,-0.249167,CAF.5.1_1,Bria,Adm2,MLCJ,mlcjArmedNonGovernmentalOrganizedGroup,MLCJ
Briapeople,MLCJ,Bria,2019-04-01,2019,1,45.82,-0.249167,CAF.5.1_1,Bria,Adm2,MLCJ,mlcjArmedNonGovernmentalOrganizedGroup,MLCJ
Briapeople,MLCJ,Bria,2019-09-01,2019,1,45.82,-0.249167,CAF.5.1_1,Bria,Adm2,MLCJ,mlcjArmedNonGovernmentalOrganizedGroup,MLCJ
Briapeople,MNLC,Bria,2017-10-01,2017,1,45.82,-0.249167,CAF.5.1_1,Bria,Adm2,,,
Briapeople,MNLC,Bria,2017-12-01,2017,1,45.82,-0.249167,CAF.5.1_1,Bria,Adm2,,,
Briapeople,MNLC,Bria,2018-05-01,2018,1,45.82,-0.249167,CAF.5.1_1,Bria,Adm2,,,
Briapeople,MPC,Bria,2017-10-01,2017,1,45.82,-0.249167,CAF.5.1_1,Bria,Adm2,MPC,mpcArmedNonGovernmentalOrganizedGroup,MPC
Briapeople,MPC,Bria,2017-12-01,2017,1,45.82,-0.249167,CAF.5.1_1,Bria,Adm2,MPC,mpcArmedNonGovernmentalOrganizedGroup,MPC
Briapeople,MPC,Bria,2018-05-01,2018,1,45.82,-0.249167,CAF.5.1_1,Bria,Adm2,MPC,mpcArmedNonGovernmentalOrganizedGroup,MPC
Briapeople,MPC,Bria,2019-04-01,2019,1,45.82,-0.249167,CAF.5.1_1,Bria,Adm2,MPC,mpcArmedNonGovernmentalOrganizedGroup,MPC
Briapeople,MPC,Bria,2019-09-01,2019,1,45.82,-0.249167,CAF.5.1_1,Bria,Adm2,MPC,mpcArmedNonGovernmentalOrganizedGroup,MPC
Briapeople,PRNC,Bria,2019-09-01,2019,1,45.82,-0.249167,CAF.5.1_1,Bria,Adm2,PRNC,prncArmedNonGovernmentalOrganizedGroup,PRNC
Briapeople,RJ,Bria,2017-10-01,2017,1,45.82,-0.249167,CAF.5.1_1,Bria,Adm2,RJ,rjArmedNonGovernmentalOrganizedGroup,RJ
Briapeople,RJ,Bria,2017-12-01,2017,1,45.82,-0.249167,CAF.5.1_1,Bria,Adm2,RJ,rjArmedNonGovernmentalOrganizedGroup,RJ
Briapeople,RJ,Bria,2018-05-01,2018,1,45.82,-0.249167,CAF.5.1_1,Bria,Adm2,RJ,rjArmedNonGovernmentalOrganizedGroup,RJ
Briapeople,RJ,Bria,2019-04-01,2019,1,45.82,-0.249167,CAF.5.1_1,Bria,Adm2,RJ,rjArmedNonGovernmentalOrganizedGroup,RJ
Briapeople,RPRC,Bria,2017-10-01,2017,1,45.82,-0.249167,CAF.5.1_1,Bria,Adm2,RPRC,rprcArmedNonGovernmentalOrganizedGroup,RPRC
Briapeople,RPRC,Bria,2017-12-01,2017,1,45.82,-0.249167,CAF.5.1_1,Bria,Adm2,RPRC,rprcArmedNonGovernmentalOrganizedGroup,RPRC
Briapeople,RPRC,Bria,2018-05-01,2018,1,45.82,-0.249167,CAF.5.1_1,Bria,Adm2,RPRC,rprcArmedNonGovernmentalOrganizedGroup,RPRC
Briapeople,RPRC,Bria,2019-04-01,2019,1,45.82,-0.249167,CAF.5.1_1,Bria,Adm2,RPRC,rprcArmedNonGovernmentalOrganizedGroup,RPRC
Briapeople,RPRC,Bria,2019-09-01,2019,1,45.82,-0.249167,CAF.5.1_1,Bria,Adm2,RPRC,rprcArmedNonGovernmentalOrganizedGroup,RPRC
Briapeople,UPC,Bria,2017-10-01,2017,1,45.82,-0.249167,CAF.5.1_1,Bria,Adm2,UPC,upcArmedNonGovernmentalOrganizedGroup,UPC
Briapeople,UPC,Bria,2017-12-01,2017,1,45.82,-0.249167,CAF.5.1_1,Bria,Adm2,UPC,upcArmedNonGovernmentalOrganizedGroup,UPC
Briapeople,UPC,Bria,2018-05-01,2018,1,45.82,-0.249167,CAF.5.1_1,Bria,Adm2,UPC,upcArmedNonGovernmentalOrganizedGroup,UPC
Briapeople,UPC,Bria,2019-04-01,2019,1,45.82,-0.249167,CAF.5.1_1,Bria,Adm2,UPC,upcArmedNonGovernmentalOrganizedGroup,UPC
Briapeople,UPC,Bria,2019-09-01,2019,1,45.82,-0.249167,CAF.5.1_1,Bria,Adm2,UPC,upcArmedNonGovernmentalOrganizedGroup,UPC
Briapeople,anti-balaka,Bria,2017-10-01,2017,1,45.82,-0.249167,CAF.5.1_1,Bria,Adm2,Anti-Balaka,antibalakaArmedNonGovernmentalOrganizedGroup,Anti-Balaka
Briapeople,anti-balaka,Bria,2017-12-01,2017,1,45.82,-0.249167,CAF.5.1_1,Bria,Adm2,Anti-Balaka,antibalakaArmedNonGovernmentalOrganizedGroup,Anti-Balaka
Briapeople,anti-balaka,Bria,2018-05-01,2018,1,45.82,-0.249167,CAF.5.1_1,Bria,Adm2,Anti-Balaka,antibalakaArmedNonGovernmentalOrganizedGroup,Anti-Balaka
Briapeople,anti-balaka,Bria,2019-04-01,2019,1,45.82,-0.249167,CAF.5.1_1,Bria,Adm2,Anti-Balaka,antibalakaArmedNonGovernmentalOrganizedGroup,Anti-Balaka
Briapeople,anti-balaka,Bria,2019-09-01,2019,1,45.82,-0.249167,CAF.5.1_1,Bria,Adm2,Anti-Balaka,antibalakaArmedNonGovernmentalOrganizedGroup,Anti-Balaka
Zémiopeople,3R,Zémio,2018-10-01,2018,1,5.0247528,25.1292659,CAF.4.3_1,Zémio,Adm2,3R,3rArmedNonGovernmentalOrganizedGroup,3R
Zémiopeople,3R,Zémio,2019-11-01,2019,1,5.0247528,25.1292659,CAF.4.3_1,Zémio,Adm2,3R,3rArmedNonGovernmentalOrganizedGroup,3R
Zémiopeople,FDPC,Zémio,2018-10-01,2018,1,5.0247528,25.1292659,CAF.4.3_1,Zémio,Adm2,FDPC,fdpcArmedNonGovernmentalOrganizedGroup,FDPC
Zémiopeople,FDPC,Zémio,2019-11-01,2019,1,5.0247528,25.1292659,CAF.4.3_1,Zémio,Adm2,FDPC,fdpcArmedNonGovernmentalOrganizedGroup,FDPC
Zémiopeople,FPRC,Zémio,2018-10-01,2018,1,5.0247528,25.1292659,CAF.4.3_1,Zémio,Adm2,FPRC,fprcArmedNonGovernmentalOrganizedGroup,FPRC
Zémiopeople,FPRC,Zémio,2019-11-01,2019,1,5.0247528,25.1292659,CAF.4.3_1,Zémio,Adm2,FPRC,fprcArmedNonGovernmentalOrganizedGroup,FPRC
Zémiopeople,FPRC-AK,Zémio,2018-10-01,2018,1,5.0247528,25.1292659,CAF.4.3_1,Zémio,Adm2,FPRC,fprcArmedNonGovernmentalOrganizedGroup,FPRC
Zémiopeople,FPRC-AK,Zémio,2019-11-01,2019,1,5.0247528,25.1292659,CAF.4.3_1,Zémio,Adm2,FPRC,fprcArmedNonGovernmentalOrganizedGroup,FPRC
Zémiopeople,LRA,Zémio,2018-10-01,2018,1,5.0247528,25.1292659,CAF.4.3_1,Zémio,Adm2,LRA,lraArmedNonGovernmentalOrganizedGroup,LRA
Zémiopeople,LRA,Zémio,2019-11-01,2019,1,5.0247528,25.1292659,CAF.4.3_1,Zémio,Adm2,LRA,lraArmedNonGovernmentalOrganizedGroup,LRA
Zémiopeople,MLCJ,Zémio,2018-10-01,2018,1,5.0247528,25.1292659,CAF.4.3_1,Zémio,Adm2,MLCJ,mlcjArmedNonGovernmentalOrganizedGroup,MLCJ
Zémiopeople,MLCJ,Zémio,2019-11-01,2019,1,5.0247528,25.1292659,CAF.4.3_1,Zémio,Adm2,MLCJ,mlcjArmedNonGovernmentalOrganizedGroup,MLCJ
Zémiopeople,MPC,Zémio,2018-10-01,2018,1,5.0247528,25.1292659,CAF.4.3_1,Zémio,Adm2,MPC,mpcArmedNonGovernmentalOrganizedGroup,MPC
Zémiopeople,MPC,Zémio,2019-11-01,2019,1,5.0247528,25.1292659,CAF.4.3_1,Zémio,Adm2,MPC,mpcArmedNonGovernmentalOrganizedGroup,MPC
Zémiopeople,PRNC,Zémio,2019-11-01,2019,1,5.0247528,25.1292659,CAF.4.3_1,Zémio,Adm2,PRNC,prncArmedNonGovernmentalOrganizedGroup,PRNC
Zémiopeople,RJ,Zémio,2018-10-01,2018,1,5.0247528,25.1292659,CAF.4.3_1,Zémio,Adm2,RJ,rjArmedNonGovernmentalOrganizedGroup,RJ
Zémiopeople,RPRC,Zémio,2018-10-01,2018,1,5.0247528,25.1292659,CAF.4.3_1,Zémio,Adm2,RPRC,rprcArmedNonGovernmentalOrganizedGroup,RPRC
Zémiopeople,RPRC,Zémio,2019-11-01,2019,1,5.0247528,25.1292659,CAF.4.3_1,Zémio,Adm2,RPRC,rprcArmedNonGovernmentalOrganizedGroup,RPRC
Zémiopeople,UPC,Zémio,2018-10-01,2018,1,5.0247528,25.1292659,CAF.4.3_1,Zémio,Adm2,UPC,upcArmedNonGovernmentalOrganizedGroup,UPC
Zémiopeople,UPC,Zémio,2019-11-01,2019,1,5.0247528,25.1292659,CAF.4.3_1,Zémio,Adm2,UPC,upcArmedNonGovernmentalOrganizedGroup,UPC
Zémiopeople,anti-balaka,Zémio,2018-10-01,2018,1,5.0247528,25.1292659,CAF.4.3_1,Zémio,Adm2,Anti-Balaka,antibalakaArmedNonGovernmentalOrganizedGroup,Anti-Balaka
Zémiopeople,anti-balaka,Zémio,2019-11-01,2019,1,5.0247528,25.1292659,CAF.4.3_1,Zémio,Adm2,Anti-Balaka,antibalakaArmedNonGovernmentalOrganizedGroup,Anti-Balaka
Markoundapeople,3R,Markounda,2018-05-01,2018,1,7.6186416,16.9616699,CAF.15.5_1,Markounda,Adm2,3R,3rArmedNonGovernmentalOrganizedGroup,3R
Markoundapeople,FDPC,Markounda,2018-05-01,2018,1,7.6186416,16.9616699,CAF.15.5_1,Markounda,Adm2,FDPC,fdpcArmedNonGovernmentalOrganizedGroup,FDPC
Markoundapeople,FPRC,Markounda,2018-05-01,2018,1,7.6186416,16.9616699,CAF.15.5_1,Markounda,Adm2,FPRC,fprcArmedNonGovernmentalOrganizedGroup,FPRC
Markoundapeople,FPRC-AK,Markounda,2018-05-01,2018,1,7.6186416,16.9616699,CAF.15.5_1,Markounda,Adm2,FPRC,fprcArmedNonGovernmentalOrganizedGroup,FPRC
Markoundapeople,LRA,Markounda,2018-05-01,2018,1,7.6186416,16.9616699,CAF.15.5_1,Markounda,Adm2,LRA,lraArmedNonGovernmentalOrganizedGroup,LRA
Markoundapeople,MLCJ,Markounda,2018-05-01,2018,1,7.6186416,16.9616699,CAF.15.5_1,Markounda,Adm2,MLCJ,mlcjArmedNonGovernmentalOrganizedGroup,MLCJ
Markoundapeople,MNLC,Markounda,2018-05-01,2018,1,7.6186416,16.9616699,CAF.15.5_1,Markounda,Adm2,,,
Markoundapeople,MPC,Markounda,2018-05-01,2018,1,7.6186416,16.9616699,CAF.15.5_1,Markounda,Adm2,MPC,mpcArmedNonGovernmentalOrganizedGroup,MPC
Markoundapeople,RJ,Markounda,2018-05-01,2018,1,7.6186416,16.9616699,CAF.15.5_1,Markounda,Adm2,RJ,rjArmedNonGovernmentalOrganizedGroup,RJ
Markoundapeople,RPRC,Markounda,2018-05-01,2018,1,7.6186416,16.9616699,CAF.15.5_1,Markounda,Adm2,RPRC,rprcArmedNonGovernmentalOrganizedGroup,RPRC
Markoundapeople,UPC,Markounda,2018-05-01,2018,1,7.6186416,16.9616699,CAF.15.5_1,Markounda,Adm2,UPC,upcArmedNonGovernmentalOrganizedGroup,UPC
Markoundapeople,anti-balaka,Markounda,2018-05-01,2018,1,7.6186416,16.9616699,CAF.15.5_1,Markounda,Adm2,Anti-Balaka,antibalakaArmedNonGovernmentalOrganizedGroup,Anti-Balaka
Kouipeople,3R,Koui,2018-10-01,2018,1,13.1886205,-3.1612063,,,,3R,3rArmedNonGovernmentalOrganizedGroup,3R
Kouipeople,FDPC,Koui,2018-10-01,2018,1,13.1886205,-3.1612063,,,,FDPC,fdpcArmedNonGovernmentalOrganizedGroup,FDPC
Kouipeople,FPRC,Koui,2018-10-01,2018,1,13.1886205,-3.1612063,,,,FPRC,fprcArmedNonGovernmentalOrganizedGroup,FPRC
Kouipeople,FPRC-AK,Koui,2018-10-01,2018,1,13.1886205,-3.1612063,,,,FPRC,fprcArmedNonGovernmentalOrganizedGroup,FPRC
Kouipeople,LRA,Koui,2018-10-01,2018,1,13.1886205,-3.1612063,,,,LRA,lraArmedNonGovernmentalOrganizedGroup,LRA
Kouipeople,MLCJ,Koui,2018-10-01,2018,1,13.1886205,-3.1612063,,,,MLCJ,mlcjArmedNonGovernmentalOrganizedGroup,MLCJ
Kouipeople,MPC,Koui,2018-10-01,2018,1,13.1886205,-3.1612063,,,,MPC,mpcArmedNonGovernmentalOrganizedGroup,MPC
Kouipeople,RJ,Koui,2018-10-01,2018,1,13.1886205,-3.1612063,,,,RJ,rjArmedNonGovernmentalOrganizedGroup,RJ
Kouipeople,RPRC,Koui,2018-10-01,2018,1,13.1886205,-3.1612063,,,,RPRC,rprcArmedNonGovernmentalOrganizedGroup,RPRC
Kouipeople,UPC,Koui,2018-10-01,2018,1,13.1886205,-3.1612063,,,,UPC,upcArmedNonGovernmentalOrganizedGroup,UPC
Kouipeople,anti-balaka,Koui,2018-10-01,2018,1,13.1886205,-3.1612063,,,,Anti-Balaka,antibalakaArmedNonGovernmentalOrganizedGroup,Anti-Balaka
Kembépeople,3R,Kembé,2018-12-01,2018,1,4.6110899,21.8803537,CAF.3.2_1,Kembé,Adm2,3R,3rArmedNonGovernmentalOrganizedGroup,3R
Kembépeople,FDPC,Kembé,2018-12-01,2018,1,4.6110899,21.8803537,CAF.3.2_1,Kembé,Adm2,FDPC,fdpcArmedNonGovernmentalOrganizedGroup,FDPC
Kembépeople,FPRC,Kembé,2018-12-01,2018,1,4.6110899,21.8803537,CAF.3.2_1,Kembé,Adm2,FPRC,fprcArmedNonGovernmentalOrganizedGroup,FPRC
Kembépeople,FPRC-AK,Kembé,2018-12-01,2018,1,4.6110899,21.8803537,CAF.3.2_1,Kembé,Adm2,FPRC,fprcArmedNonGovernmentalOrganizedGroup,FPRC
Kembépeople,LRA,Kembé,2018-12-01,2018,1,4.6110899,21.8803537,CAF.3.2_1,Kembé,Adm2,LRA,lraArmedNonGovernmentalOrganizedGroup,LRA
Kembépeople,MLCJ,Kembé,2018-12-01,2018,1,4.6110899,21.8803537,CAF.3.2_1,Kembé,Adm2,MLCJ,mlcjArmedNonGovernmentalOrganizedGroup,MLCJ
Kembépeople,MPC,Kembé,2018-12-01,2018,1,4.6110899,21.8803537,CAF.3.2_1,Kembé,Adm2,MPC,mpcArmedNonGovernmentalOrganizedGroup,MPC
Kembépeople,RJ,Kembé,2018-12-01,2018,1,4.6110899,21.8803537,CAF.3.2_1,Kembé,Adm2,RJ,rjArmedNonGovernmentalOrganizedGroup,RJ
Kembépeople,RPRC,Kembé,2018-12-01,2018,1,4.6110899,21.8803537,CAF.3.2_1,Kembé,Adm2,RPRC,rprcArmedNonGovernmentalOrganizedGroup,RPRC
Kembépeople,UPC,Kembé,2018-12-01,2018,1,4.6110899,21.8803537,CAF.3.2_1,Kembé,Adm2,UPC,upcArmedNonGovernmentalOrganizedGroup,UPC
Kembépeople,anti-balaka,Kembé,2018-12-01,2018,1,4.6110899,21.8803537,CAF.3.2_1,Kembé,Adm2,Anti-Balaka,antibalakaArmedNonGovernmentalOrganizedGroup,Anti-Balaka
Kaga-Bandoropeople,3R,Kaga-Bandoro,2016-03-01,2016,1,6.9993145,19.182305,CAF.10.1_1,Kaga-Bandoro,Adm2,3R,3rArmedNonGovernmentalOrganizedGroup,3R
Kaga-Bandoropeople,3R,Kaga-Bandoro,2017-06-01,2017,1,6.9993145,19.182305,CAF.10.1_1,Kaga-Bandoro,Adm2,3R,3rArmedNonGovernmentalOrganizedGroup,3R
Kaga-Bandoropeople,3R,Kaga-Bandoro,2019-06-01,2019,1,6.9993145,19.182305,CAF.10.1_1,Kaga-Bandoro,Adm2,3R,3rArmedNonGovernmentalOrganizedGroup,3R
Kaga-Bandoropeople,FDPC,Kaga-Bandoro,2016-03-01,2016,1,6.9993145,19.182305,CAF.10.1_1,Kaga-Bandoro,Adm2,FDPC,fdpcArmedNonGovernmentalOrganizedGroup,FDPC
Kaga-Bandoropeople,FDPC,Kaga-Bandoro,2017-06-01,2017,1,6.9993145,19.182305,CAF.10.1_1,Kaga-Bandoro,Adm2,FDPC,fdpcArmedNonGovernmentalOrganizedGroup,FDPC
Kaga-Bandoropeople,FDPC,Kaga-Bandoro,2019-06-01,2019,1,6.9993145,19.182305,CAF.10.1_1,Kaga-Bandoro,Adm2,FDPC,fdpcArmedNonGovernmentalOrganizedGroup,FDPC
Kaga-Bandoropeople,FPRC,Kaga-Bandoro,2016-03-01,2016,1,6.9993145,19.182305,CAF.10.1_1,Kaga-Bandoro,Adm2,FPRC,fprcArmedNonGovernmentalOrganizedGroup,FPRC
Kaga-Bandoropeople,FPRC,Kaga-Bandoro,2017-06-01,2017,1,6.9993145,19.182305,CAF.10.1_1,Kaga-Bandoro,Adm2,FPRC,fprcArmedNonGovernmentalOrganizedGroup,FPRC
Kaga-Bandoropeople,FPRC,Kaga-Bandoro,2019-06-01,2019,1,6.9993145,19.182305,CAF.10.1_1,Kaga-Bandoro,Adm2,FPRC,fprcArmedNonGovernmentalOrganizedGroup,FPRC
Kaga-Bandoropeople,FPRC-AK,Kaga-Bandoro,2016-03-01,2016,1,6.9993145,19.182305,CAF.10.1_1,Kaga-Bandoro,Adm2,FPRC,fprcArmedNonGovernmentalOrganizedGroup,FPRC
Kaga-Bandoropeople,FPRC-AK,Kaga-Bandoro,2017-06-01,2017,1,6.9993145,19.182305,CAF.10.1_1,Kaga-Bandoro,Adm2,FPRC,fprcArmedNonGovernmentalOrganizedGroup,FPRC
Kaga-Bandoropeople,FPRC-AK,Kaga-Bandoro,2019-06-01,2019,1,6.9993145,19.182305,CAF.10.1_1,Kaga-Bandoro,Adm2,FPRC,fprcArmedNonGovernmentalOrganizedGroup,FPRC
Kaga-Bandoropeople,LRA,Kaga-Bandoro,2016-03-01,2016,1,6.9993145,19.182305,CAF.10.1_1,Kaga-Bandoro,Adm2,LRA,lraArmedNonGovernmentalOrganizedGroup,LRA
Kaga-Bandoropeople,LRA,Kaga-Bandoro,2017-06-01,2017,1,6.9993145,19.182305,CAF.10.1_1,Kaga-Bandoro,Adm2,LRA,lraArmedNonGovernmentalOrganizedGroup,LRA
Kaga-Bandoropeople,LRA,Kaga-Bandoro,2019-06-01,2019,1,6.9993145,19.182305,CAF.10.1_1,Kaga-Bandoro,Adm2,LRA,lraArmedNonGovernmentalOrganizedGroup,LRA
Kaga-Bandoropeople,MLCJ,Kaga-Bandoro,2016-03-01,2016,1,6.9993145,19.182305,CAF.10.1_1,Kaga-Bandoro,Adm2,MLCJ,mlcjArmedNonGovernmentalOrganizedGroup,MLCJ
Kaga-Bandoropeople,MLCJ,Kaga-Bandoro,2017-06-01,2017,1,6.9993145,19.182305,CAF.10.1_1,Kaga-Bandoro,Adm2,MLCJ,mlcjArmedNonGovernmentalOrganizedGroup,MLCJ
Kaga-Bandoropeople,MLCJ,Kaga-Bandoro,2019-06-01,2019,1,6.9993145,19.182305,CAF.10.1_1,Kaga-Bandoro,Adm2,MLCJ,mlcjArmedNonGovernmentalOrganizedGroup,MLCJ
Kaga-Bandoropeople,MNLC,Kaga-Bandoro,2017-06-01,2017,1,6.9993145,19.182305,CAF.10.1_1,Kaga-Bandoro,Adm2,,,
Kaga-Bandoropeople,MPC,Kaga-Bandoro,2016-03-01,2016,1,6.9993145,19.182305,CAF.10.1_1,Kaga-Bandoro,Adm2,MPC,mpcArmedNonGovernmentalOrganizedGroup,MPC
Kaga-Bandoropeople,MPC,Kaga-Bandoro,2017-06-01,2017,1,6.9993145,19.182305,CAF.10.1_1,Kaga-Bandoro,Adm2,MPC,mpcArmedNonGovernmentalOrganizedGroup,MPC
Kaga-Bandoropeople,MPC,Kaga-Bandoro,2019-06-01,2019,1,6.9993145,19.182305,CAF.10.1_1,Kaga-Bandoro,Adm2,MPC,mpcArmedNonGovernmentalOrganizedGroup,MPC
Kaga-Bandoropeople,PRNC,Kaga-Bandoro,2019-06-01,2019,1,6.9993145,19.182305,CAF.10.1_1,Kaga-Bandoro,Adm2,PRNC,prncArmedNonGovernmentalOrganizedGroup,PRNC
Kaga-Bandoropeople,RJ,Kaga-Bandoro,2016-03-01,2016,1,6.9993145,19.182305,CAF.10.1_1,Kaga-Bandoro,Adm2,RJ,rjArmedNonGovernmentalOrganizedGroup,RJ
Kaga-Bandoropeople,RJ,Kaga-Bandoro,2017-06-01,2017,1,6.9993145,19.182305,CAF.10.1_1,Kaga-Bandoro,Adm2,RJ,rjArmedNonGovernmentalOrganizedGroup,RJ
Kaga-Bandoropeople,RJ,Kaga-Bandoro,2019-06-01,2019,1,6.9993145,19.182305,CAF.10.1_1,Kaga-Bandoro,Adm2,RJ,rjArmedNonGovernmentalOrganizedGroup,RJ
Kaga-Bandoropeople,RPRC,Kaga-Bandoro,2016-03-01,2016,1,6.9993145,19.182305,CAF.10.1_1,Kaga-Bandoro,Adm2,RPRC,rprcArmedNonGovernmentalOrganizedGroup,RPRC
Kaga-Bandoropeople,RPRC,Kaga-Bandoro,2017-06-01,2017,1,6.9993145,19.182305,CAF.10.1_1,Kaga-Bandoro,Adm2,RPRC,rprcArmedNonGovernmentalOrganizedGroup,RPRC
Kaga-Bandoropeople,RPRC,Kaga-Bandoro,2019-06-01,2019,1,6.9993145,19.182305,CAF.10.1_1,Kaga-Bandoro,Adm2,RPRC,rprcArmedNonGovernmentalOrganizedGroup,RPRC
Kaga-Bandoropeople,UPC,Kaga-Bandoro,2016-03-01,2016,1,6.9993145,19.182305,CAF.10.1_1,Kaga-Bandoro,Adm2,UPC,upcArmedNonGovernmentalOrganizedGroup,UPC
Kaga-Bandoropeople,UPC,Kaga-Bandoro,2017-06-01,2017,1,6.9993145,19.182305,CAF.10.1_1,Kaga-Bandoro,Adm2,UPC,upcArmedNonGovernmentalOrganizedGroup,UPC
Kaga-Bandoropeople,UPC,Kaga-Bandoro,2019-06-01,2019,1,6.9993145,19.182305,CAF.10.1_1,Kaga-Bandoro,Adm2,UPC,upcArmedNonGovernmentalOrganizedGroup,UPC
Kaga-Bandoropeople,anti-balaka,Kaga-Bandoro,2016-03-01,2016,1,6.9993145,19.182305,CAF.10.1_1,Kaga-Bandoro,Adm2,Anti-Balaka,antibalakaArmedNonGovernmentalOrganizedGroup,Anti-Balaka
Kaga-Bandoropeople,anti-balaka,Kaga-Bandoro,2017-06-01,2017,1,6.9993145,19.182305,CAF.10.1_1,Kaga-Bandoro,Adm2,Anti-Balaka,antibalakaArmedNonGovernmentalOrganizedGroup,Anti-Balaka
Kaga-Bandoropeople,anti-balaka,Kaga-Bandoro,2019-06-01,2019,1,6.9993145,19.182305,CAF.10.1_1,Kaga-Bandoro,Adm2,Anti-Balaka,antibalakaArmedNonGovernmentalOrganizedGroup,Anti-Balaka
Kabopeople,3R,Kabo,2018-08-01,2018,1,12.8266035,-2.2448334,CAF.15.4_1,Kabo,Adm2,3R,3rArmedNonGovernmentalOrganizedGroup,3R
Kabopeople,FDPC,Kabo,2018-08-01,2018,1,12.8266035,-2.2448334,CAF.15.4_1,Kabo,Adm2,FDPC,fdpcArmedNonGovernmentalOrganizedGroup,FDPC
Kabopeople,FPRC,Kabo,2018-08-01,2018,1,12.8266035,-2.2448334,CAF.15.4_1,Kabo,Adm2,FPRC,fprcArmedNonGovernmentalOrganizedGroup,FPRC
Kabopeople,FPRC-AK,Kabo,2018-08-01,2018,1,12.8266035,-2.2448334,CAF.15.4_1,Kabo,Adm2,FPRC,fprcArmedNonGovernmentalOrganizedGroup,FPRC
Kabopeople,LRA,Kabo,2018-08-01,2018,1,12.8266035,-2.2448334,CAF.15.4_1,Kabo,Adm2,LRA,lraArmedNonGovernmentalOrganizedGroup,LRA
Kabopeople,MLCJ,Kabo,2018-08-01,2018,1,12.8266035,-2.2448334,CAF.15.4_1,Kabo,Adm2,MLCJ,mlcjArmedNonGovernmentalOrganizedGroup,MLCJ
Kabopeople,MPC,Kabo,2018-08-01,2018,1,12.8266035,-2.2448334,CAF.15.4_1,Kabo,Adm2,MPC,mpcArmedNonGovernmentalOrganizedGroup,MPC
Kabopeople,RJ,Kabo,2018-08-01,2018,1,12.8266035,-2.2448334,CAF.15.4_1,Kabo,Adm2,RJ,rjArmedNonGovernmentalOrganizedGroup,RJ
Kabopeople,RPRC,Kabo,2018-08-01,2018,1,12.8266035,-2.2448334,CAF.15.4_1,Kabo,Adm2,RPRC,rprcArmedNonGovernmentalOrganizedGroup,RPRC
Kabopeople,UPC,Kabo,2018-08-01,2018,1,12.8266035,-2.2448334,CAF.15.4_1,Kabo,Adm2,UPC,upcArmedNonGovernmentalOrganizedGroup,UPC
Kabopeople,anti-balaka,Kabo,2018-08-01,2018,1,12.8266035,-2.2448334,CAF.15.4_1,Kabo,Adm2,Anti-Balaka,antibalakaArmedNonGovernmentalOrganizedGroup,Anti-Balaka
Nana-Bakassapeople,3R,Nana-Bakassa,2017-06-01,2017,1,6.9910168,17.2762599,,,,3R,3rArmedNonGovernmentalOrganizedGroup,3R
Nana-Bakassapeople,FDPC,Nana-Bakassa,2017-06-01,2017,1,6.9910168,17.2762599,,,,FDPC,fdpcArmedNonGovernmentalOrganizedGroup,FDPC
Nana-Bakassapeople,FPRC,Nana-Bakassa,2017-06-01,2017,1,6.9910168,17.2762599,,,,FPRC,fprcArmedNonGovernmentalOrganizedGroup,FPRC
Nana-Bakassapeople,FPRC-AK,Nana-Bakassa,2017-06-01,2017,1,6.9910168,17.2762599,,,,FPRC,fprcArmedNonGovernmentalOrganizedGroup,FPRC
Nana-Bakassapeople,LRA,Nana-Bakassa,2017-06-01,2017,1,6.9910168,17.2762599,,,,LRA,lraArmedNonGovernmentalOrganizedGroup,LRA
Nana-Bakassapeople,MLCJ,Nana-Bakassa,2017-06-01,2017,1,6.9910168,17.2762599,,,,MLCJ,mlcjArmedNonGovernmentalOrganizedGroup,MLCJ
Nana-Bakassapeople,MNLC,Nana-Bakassa,2017-06-01,2017,1,6.9910168,17.2762599,,,,,,
Nana-Bakassapeople,MPC,Nana-Bakassa,2017-06-01,2017,1,6.9910168,17.2762599,,,,MPC,mpcArmedNonGovernmentalOrganizedGroup,MPC
Nana-Bakassapeople,RJ,Nana-Bakassa,2017-06-01,2017,1,6.9910168,17.2762599,,,,RJ,rjArmedNonGovernmentalOrganizedGroup,RJ
Nana-Bakassapeople,RPRC,Nana-Bakassa,2017-06-01,2017,1,6.9910168,17.2762599,,,,RPRC,rprcArmedNonGovernmentalOrganizedGroup,RPRC
Nana-Bakassapeople,UPC,Nana-Bakassa,2017-06-01,2017,1,6.9910168,17.2762599,,,,UPC,upcArmedNonGovernmentalOrganizedGroup,UPC
Nana-Bakassapeople,anti-balaka,Nana-Bakassa,2017-06-01,2017,1,6.9910168,17.2762599,,,,Anti-Balaka,antibalakaArmedNonGovernmentalOrganizedGroup,Anti-Balaka
Banguipeople,3R,Bangui,2016-02-01,2016,1,4.3635118,18.5835913,CAF.2_1,Bangui,Adm1,3R,3rArmedNonGovernmentalOrganizedGroup,3R
Banguipeople,3R,Bangui,2016-02-01,2016,1,4.3635118,18.5835913,CAF.2.1_1,Bangui,Adm2,3R,3rArmedNonGovernmentalOrganizedGroup,3R
Banguipeople,FDPC,Bangui,2014-01-01,2014,1,4.3635118,18.5835913,CAF.2_1,Bangui,Adm1,FDPC,fdpcArmedNonGovernmentalOrganizedGroup,FDPC
Banguipeople,FDPC,Bangui,2014-01-01,2014,1,4.3635118,18.5835913,CAF.2.1_1,Bangui,Adm2,FDPC,fdpcArmedNonGovernmentalOrganizedGroup,FDPC
Banguipeople,FDPC,Bangui,2014-01-01,2014,1,4.3635118,18.5835913,CAF.2_1,Bangui,Adm1,FDPC,fdpcArmedNonGovernmentalOrganizedGroup,FDPC
Banguipeople,FDPC,Bangui,2014-01-01,2014,1,4.3635118,18.5835913,CAF.2.1_1,Bangui,Adm2,FDPC,fdpcArmedNonGovernmentalOrganizedGroup,FDPC
Banguipeople,FDPC,Bangui,2014-01-01,2014,1,4.3635118,18.5835913,CAF.2_1,Bangui,Adm1,FDPC,fdpcArmedNonGovernmentalOrganizedGroup,FDPC
Banguipeople,FDPC,Bangui,2014-01-01,2014,1,4.3635118,18.5835913,CAF.2.1_1,Bangui,Adm2,FDPC,fdpcArmedNonGovernmentalOrganizedGroup,FDPC
Banguipeople,FDPC,Bangui,2014-01-01,2014,1,4.3635118,18.5835913,CAF.2_1,Bangui,Adm1,FDPC,fdpcArmedNonGovernmentalOrganizedGroup,FDPC
Banguipeople,FDPC,Bangui,2014-01-01,2014,1,4.3635118,18.5835913,CAF.2.1_1,Bangui,Adm2,FDPC,fdpcArmedNonGovernmentalOrganizedGroup,FDPC
Banguipeople,FDPC,Bangui,2014-03-01,2014,1,4.3635118,18.5835913,CAF.2_1,Bangui,Adm1,FDPC,fdpcArmedNonGovernmentalOrganizedGroup,FDPC
Banguipeople,FDPC,Bangui,2014-03-01,2014,1,4.3635118,18.5835913,CAF.2.1_1,Bangui,Adm2,FDPC,fdpcArmedNonGovernmentalOrganizedGroup,FDPC
Banguipeople,FDPC,Bangui,2014-03-01,2014,1,4.3635118,18.5835913,CAF.2_1,Bangui,Adm1,FDPC,fdpcArmedNonGovernmentalOrganizedGroup,FDPC
Banguipeople,FDPC,Bangui,2014-03-01,2014,1,4.3635118,18.5835913,CAF.2.1_1,Bangui,Adm2,FDPC,fdpcArmedNonGovernmentalOrganizedGroup,FDPC
Banguipeople,FDPC,Bangui,2014-03-01,2014,1,4.3635118,18.5835913,CAF.2_1,Bangui,Adm1,FDPC,fdpcArmedNonGovernmentalOrganizedGroup,FDPC
Banguipeople,FDPC,Bangui,2014-03-01,2014,1,4.3635118,18.5835913,CAF.2.1_1,Bangui,Adm2,FDPC,fdpcArmedNonGovernmentalOrganizedGroup,FDPC
Banguipeople,FDPC,Bangui,2014-03-01,2014,1,4.3635118,18.5835913,CAF.2_1,Bangui,Adm1,FDPC,fdpcArmedNonGovernmentalOrganizedGroup,FDPC
Banguipeople,FDPC,Bangui,2014-03-01,2014,1,4.3635118,18.5835913,CAF.2.1_1,Bangui,Adm2,FDPC,fdpcArmedNonGovernmentalOrganizedGroup,FDPC
Banguipeople,FDPC,Bangui,2014-05-01,2014,1,4.3635118,18.5835913,CAF.2_1,Bangui,Adm1,FDPC,fdpcArmedNonGovernmentalOrganizedGroup,FDPC
Banguipeople,FDPC,Bangui,2014-05-01,2014,1,4.3635118,18.5835913,CAF.2.1_1,Bangui,Adm2,FDPC,fdpcArmedNonGovernmentalOrganizedGroup,FDPC
Banguipeople,FDPC,Bangui,2014-05-01,2014,1,4.3635118,18.5835913,CAF.2_1,Bangui,Adm1,FDPC,fdpcArmedNonGovernmentalOrganizedGroup,FDPC
Banguipeople,FDPC,Bangui,2014-05-01,2014,1,4.3635118,18.5835913,CAF.2.1_1,Bangui,Adm2,FDPC,fdpcArmedNonGovernmentalOrganizedGroup,FDPC
Banguipeople,FDPC,Bangui,2016-02-01,2016,1,4.3635118,18.5835913,CAF.2_1,Bangui,Adm1,FDPC,fdpcArmedNonGovernmentalOrganizedGroup,FDPC
Banguipeople,FDPC,Bangui,2016-02-01,2016,1,4.3635118,18.5835913,CAF.2.1_1,Bangui,Adm2,FDPC,fdpcArmedNonGovernmentalOrganizedGroup,FDPC
Banguipeople,FPRC,Bangui,2016-02-01,2016,1,4.3635118,18.5835913,CAF.2_1,Bangui,Adm1,FPRC,fprcArmedNonGovernmentalOrganizedGroup,FPRC
Banguipeople,FPRC,Bangui,2016-02-01,2016,1,4.3635118,18.5835913,CAF.2.1_1,Bangui,Adm2,FPRC,fprcArmedNonGovernmentalOrganizedGroup,FPRC
Banguipeople,FPRC-AK,Bangui,2014-01-01,2014,1,4.3635118,18.5835913,CAF.2_1,Bangui,Adm1,FPRC,fprcArmedNonGovernmentalOrganizedGroup,FPRC
Banguipeople,FPRC-AK,Bangui,2014-01-01,2014,1,4.3635118,18.5835913,CAF.2.1_1,Bangui,Adm2,FPRC,fprcArmedNonGovernmentalOrganizedGroup,FPRC
Banguipeople,FPRC-AK,Bangui,2014-01-01,2014,1,4.3635118,18.5835913,CAF.2_1,Bangui,Adm1,FPRC,fprcArmedNonGovernmentalOrganizedGroup,FPRC
Banguipeople,FPRC-AK,Bangui,2014-01-01,2014,1,4.3635118,18.5835913,CAF.2.1_1,Bangui,Adm2,FPRC,fprcArmedNonGovernmentalOrganizedGroup,FPRC
Banguipeople,FPRC-AK,Bangui,2014-01-01,2014,1,4.3635118,18.5835913,CAF.2_1,Bangui,Adm1,FPRC,fprcArmedNonGovernmentalOrganizedGroup,FPRC
Banguipeople,FPRC-AK,Bangui,2014-01-01,2014,1,4.3635118,18.5835913,CAF.2.1_1,Bangui,Adm2,FPRC,fprcArmedNonGovernmentalOrganizedGroup,FPRC
Banguipeople,FPRC-AK,Bangui,2014-01-01,2014,1,4.3635118,18.5835913,CAF.2_1,Bangui,Adm1,FPRC,fprcArmedNonGovernmentalOrganizedGroup,FPRC
Banguipeople,FPRC-AK,Bangui,2014-01-01,2014,1,4.3635118,18.5835913,CAF.2.1_1,Bangui,Adm2,FPRC,fprcArmedNonGovernmentalOrganizedGroup,FPRC
Banguipeople,FPRC-AK,Bangui,2014-03-01,2014,1,4.3635118,18.5835913,CAF.2_1,Bangui,Adm1,FPRC,fprcArmedNonGovernmentalOrganizedGroup,FPRC
Banguipeople,FPRC-AK,Bangui,2014-03-01,2014,1,4.3635118,18.5835913,CAF.2.1_1,Bangui,Adm2,FPRC,fprcArmedNonGovernmentalOrganizedGroup,FPRC
Banguipeople,FPRC-AK,Bangui,2014-03-01,2014,1,4.3635118,18.5835913,CAF.2_1,Bangui,Adm1,FPRC,fprcArmedNonGovernmentalOrganizedGroup,FPRC
Banguipeople,FPRC-AK,Bangui,2014-03-01,2014,1,4.3635118,18.5835913,CAF.2.1_1,Bangui,Adm2,FPRC,fprcArmedNonGovernmentalOrganizedGroup,FPRC
Banguipeople,FPRC-AK,Bangui,2014-03-01,2014,1,4.3635118,18.5835913,CAF.2_1,Bangui,Adm1,FPRC,fprcArmedNonGovernmentalOrganizedGroup,FPRC
Banguipeople,FPRC-AK,Bangui,2014-03-01,2014,1,4.3635118,18.5835913,CAF.2.1_1,Bangui,Adm2,FPRC,fprcArmedNonGovernmentalOrganizedGroup,FPRC
Banguipeople,FPRC-AK,Bangui,2014-03-01,2014,1,4.3635118,18.5835913,CAF.2_1,Bangui,Adm1,FPRC,fprcArmedNonGovernmentalOrganizedGroup,FPRC
Banguipeople,FPRC-AK,Bangui,2014-03-01,2014,1,4.3635118,18.5835913,CAF.2.1_1,Bangui,Adm2,FPRC,fprcArmedNonGovernmentalOrganizedGroup,FPRC
Banguipeople,FPRC-AK,Bangui,2014-05-01,2014,1,4.3635118,18.5835913,CAF.2_1,Bangui,Adm1,FPRC,fprcArmedNonGovernmentalOrganizedGroup,FPRC
Banguipeople,FPRC-AK,Bangui,2014-05-01,2014,1,4.3635118,18.5835913,CAF.2.1_1,Bangui,Adm2,FPRC,fprcArmedNonGovernmentalOrganizedGroup,FPRC
Banguipeople,FPRC-AK,Bangui,2014-05-01,2014,1,4.3635118,18.5835913,CAF.2_1,Bangui,Adm1,FPRC,fprcArmedNonGovernmentalOrganizedGroup,FPRC
Banguipeople,FPRC-AK,Bangui,2014-05-01,2014,1,4.3635118,18.5835913,CAF.2.1_1,Bangui,Adm2,FPRC,fprcArmedNonGovernmentalOrganizedGroup,FPRC
Banguipeople,FPRC-AK,Bangui,2016-02-01,2016,1,4.3635118,18.5835913,CAF.2_1,Bangui,Adm1,FPRC,fprcArmedNonGovernmentalOrganizedGroup,FPRC
Banguipeople,FPRC-AK,Bangui,2016-02-01,2016,1,4.3635118,18.5835913,CAF.2.1_1,Bangui,Adm2,FPRC,fprcArmedNonGovernmentalOrganizedGroup,FPRC
Banguipeople,LRA,Bangui,2014-01-01,2014,1,4.3635118,18.5835913,CAF.2_1,Bangui,Adm1,LRA,lraArmedNonGovernmentalOrganizedGroup,LRA
Banguipeople,LRA,Bangui,2014-01-01,2014,1,4.3635118,18.5835913,CAF.2.1_1,Bangui,Adm2,LRA,lraArmedNonGovernmentalOrganizedGroup,LRA
Banguipeople,LRA,Bangui,2014-01-01,2014,1,4.3635118,18.5835913,CAF.2_1,Bangui,Adm1,LRA,lraArmedNonGovernmentalOrganizedGroup,LRA
Banguipeople,LRA,Bangui,2014-01-01,2014,1,4.3635118,18.5835913,CAF.2.1_1,Bangui,Adm2,LRA,lraArmedNonGovernmentalOrganizedGroup,LRA
Banguipeople,LRA,Bangui,2014-01-01,2014,1,4.3635118,18.5835913,CAF.2_1,Bangui,Adm1,LRA,lraArmedNonGovernmentalOrganizedGroup,LRA
Banguipeople,LRA,Bangui,2014-01-01,2014,1,4.3635118,18.5835913,CAF.2.1_1,Bangui,Adm2,LRA,lraArmedNonGovernmentalOrganizedGroup,LRA
Banguipeople,LRA,Bangui,2014-01-01,2014,1,4.3635118,18.5835913,CAF.2_1,Bangui,Adm1,LRA,lraArmedNonGovernmentalOrganizedGroup,LRA
Banguipeople,LRA,Bangui,2014-01-01,2014,1,4.3635118,18.5835913,CAF.2.1_1,Bangui,Adm2,LRA,lraArmedNonGovernmentalOrganizedGroup,LRA
Banguipeople,LRA,Bangui,2014-03-01,2014,1,4.3635118,18.5835913,CAF.2_1,Bangui,Adm1,LRA,lraArmedNonGovernmentalOrganizedGroup,LRA
Banguipeople,LRA,Bangui,2014-03-01,2014,1,4.3635118,18.5835913,CAF.2.1_1,Bangui,Adm2,LRA,lraArmedNonGovernmentalOrganizedGroup,LRA
Banguipeople,LRA,Bangui,2014-03-01,2014,1,4.3635118,18.5835913,CAF.2_1,Bangui,Adm1,LRA,lraArmedNonGovernmentalOrganizedGroup,LRA
Banguipeople,LRA,Bangui,2014-03-01,2014,1,4.3635118,18.5835913,CAF.2.1_1,Bangui,Adm2,LRA,lraArmedNonGovernmentalOrganizedGroup,LRA
Banguipeople,LRA,Bangui,2014-03-01,2014,1,4.3635118,18.5835913,CAF.2_1,Bangui,Adm1,LRA,lraArmedNonGovernmentalOrganizedGroup,LRA
Banguipeople,LRA,Bangui,2014-03-01,2014,1,4.3635118,18.5835913,CAF.2.1_1,Bangui,Adm2,LRA,lraArmedNonGovernmentalOrganizedGroup,LRA
Banguipeople,LRA,Bangui,2014-03-01,2014,1,4.3635118,18.5835913,CAF.2_1,Bangui,Adm1,LRA,lraArmedNonGovernmentalOrganizedGroup,LRA
Banguipeople,LRA,Bangui,2014-03-01,2014,1,4.3635118,18.5835913,CAF.2.1_1,Bangui,Adm2,LRA,lraArmedNonGovernmentalOrganizedGroup,LRA
Banguipeople,LRA,Bangui,2014-05-01,2014,1,4.3635118,18.5835913,CAF.2_1,Bangui,Adm1,LRA,lraArmedNonGovernmentalOrganizedGroup,LRA
Banguipeople,LRA,Bangui,2014-05-01,2014,1,4.3635118,18.5835913,CAF.2.1_1,Bangui,Adm2,LRA,lraArmedNonGovernmentalOrganizedGroup,LRA
Banguipeople,LRA,Bangui,2014-05-01,2014,1,4.3635118,18.5835913,CAF.2_1,Bangui,Adm1,LRA,lraArmedNonGovernmentalOrganizedGroup,LRA
Banguipeople,LRA,Bangui,2014-05-01,2014,1,4.3635118,18.5835913,CAF.2.1_1,Bangui,Adm2,LRA,lraArmedNonGovernmentalOrganizedGroup,LRA
Banguipeople,LRA,Bangui,2016-02-01,2016,1,4.3635118,18.5835913,CAF.2_1,Bangui,Adm1,LRA,lraArmedNonGovernmentalOrganizedGroup,LRA
Banguipeople,LRA,Bangui,2016-02-01,2016,1,4.3635118,18.5835913,CAF.2.1_1,Bangui,Adm2,LRA,lraArmedNonGovernmentalOrganizedGroup,LRA
Banguipeople,MLCJ,Bangui,2014-01-01,2014,1,4.3635118,18.5835913,CAF.2_1,Bangui,Adm1,MLCJ,mlcjArmedNonGovernmentalOrganizedGroup,MLCJ
Banguipeople,MLCJ,Bangui,2014-01-01,2014,1,4.3635118,18.5835913,CAF.2.1_1,Bangui,Adm2,MLCJ,mlcjArmedNonGovernmentalOrganizedGroup,MLCJ
Banguipeople,MLCJ,Bangui,2014-01-01,2014,1,4.3635118,18.5835913,CAF.2_1,Bangui,Adm1,MLCJ,mlcjArmedNonGovernmentalOrganizedGroup,MLCJ
Banguipeople,MLCJ,Bangui,2014-01-01,2014,1,4.3635118,18.5835913,CAF.2.1_1,Bangui,Adm2,MLCJ,mlcjArmedNonGovernmentalOrganizedGroup,MLCJ
Banguipeople,MLCJ,Bangui,2014-01-01,2014,1,4.3635118,18.5835913,CAF.2_1,Bangui,Adm1,MLCJ,mlcjArmedNonGovernmentalOrganizedGroup,MLCJ
Banguipeople,MLCJ,Bangui,2014-01-01,2014,1,4.3635118,18.5835913,CAF.2.1_1,Bangui,Adm2,MLCJ,mlcjArmedNonGovernmentalOrganizedGroup,MLCJ
Banguipeople,MLCJ,Bangui,2014-01-01,2014,1,4.3635118,18.5835913,CAF.2_1,Bangui,Adm1,MLCJ,mlcjArmedNonGovernmentalOrganizedGroup,MLCJ
Banguipeople,MLCJ,Bangui,2014-01-01,2014,1,4.3635118,18.5835913,CAF.2.1_1,Bangui,Adm2,MLCJ,mlcjArmedNonGovernmentalOrganizedGroup,MLCJ
Banguipeople,MLCJ,Bangui,2014-03-01,2014,1,4.3635118,18.5835913,CAF.2_1,Bangui,Adm1,MLCJ,mlcjArmedNonGovernmentalOrganizedGroup,MLCJ
Banguipeople,MLCJ,Bangui,2014-03-01,2014,1,4.3635118,18.5835913,CAF.2.1_1,Bangui,Adm2,MLCJ,mlcjArmedNonGovernmentalOrganizedGroup,MLCJ
Banguipeople,MLCJ,Bangui,2014-03-01,2014,1,4.3635118,18.5835913,CAF.2_1,Bangui,Adm1,MLCJ,mlcjArmedNonGovernmentalOrganizedGroup,MLCJ
Banguipeople,MLCJ,Bangui,2014-03-01,2014,1,4.3635118,18.5835913,CAF.2.1_1,Bangui,Adm2,MLCJ,mlcjArmedNonGovernmentalOrganizedGroup,MLCJ
Banguipeople,MLCJ,Bangui,2014-03-01,2014,1,4.3635118,18.5835913,CAF.2_1,Bangui,Adm1,MLCJ,mlcjArmedNonGovernmentalOrganizedGroup,MLCJ
Banguipeople,MLCJ,Bangui,2014-03-01,2014,1,4.3635118,18.5835913,CAF.2.1_1,Bangui,Adm2,MLCJ,mlcjArmedNonGovernmentalOrganizedGroup,MLCJ
Banguipeople,MLCJ,Bangui,2014-03-01,2014,1,4.3635118,18.5835913,CAF.2_1,Bangui,Adm1,MLCJ,mlcjArmedNonGovernmentalOrganizedGroup,MLCJ
Banguipeople,MLCJ,Bangui,2014-03-01,2014,1,4.3635118,18.5835913,CAF.2.1_1,Bangui,Adm2,MLCJ,mlcjArmedNonGovernmentalOrganizedGroup,MLCJ
Banguipeople,MLCJ,Bangui,2014-05-01,2014,1,4.3635118,18.5835913,CAF.2_1,Bangui,Adm1,MLCJ,mlcjArmedNonGovernmentalOrganizedGroup,MLCJ
Banguipeople,MLCJ,Bangui,2014-05-01,2014,1,4.3635118,18.5835913,CAF.2.1_1,Bangui,Adm2,MLCJ,mlcjArmedNonGovernmentalOrganizedGroup,MLCJ
Banguipeople,MLCJ,Bangui,2014-05-01,2014,1,4.3635118,18.5835913,CAF.2_1,Bangui,Adm1,MLCJ,mlcjArmedNonGovernmentalOrganizedGroup,MLCJ
Banguipeople,MLCJ,Bangui,2014-05-01,2014,1,4.3635118,18.5835913,CAF.2.1_1,Bangui,Adm2,MLCJ,mlcjArmedNonGovernmentalOrganizedGroup,MLCJ
Banguipeople,MLCJ,Bangui,2016-02-01,2016,1,4.3635118,18.5835913,CAF.2_1,Bangui,Adm1,MLCJ,mlcjArmedNonGovernmentalOrganizedGroup,MLCJ
Banguipeople,MLCJ,Bangui,2016-02-01,2016,1,4.3635118,18.5835913,CAF.2.1_1,Bangui,Adm2,MLCJ,mlcjArmedNonGovernmentalOrganizedGroup,MLCJ
Banguipeople,MPC,Bangui,2016-02-01,2016,1,4.3635118,18.5835913,CAF.2_1,Bangui,Adm1,MPC,mpcArmedNonGovernmentalOrganizedGroup,MPC
Banguipeople,MPC,Bangui,2016-02-01,2016,1,4.3635118,18.5835913,CAF.2.1_1,Bangui,Adm2,MPC,mpcArmedNonGovernmentalOrganizedGroup,MPC
Banguipeople,RJ,Bangui,2014-01-01,2014,1,4.3635118,18.5835913,CAF.2_1,Bangui,Adm1,RJ,rjArmedNonGovernmentalOrganizedGroup,RJ
Banguipeople,RJ,Bangui,2014-01-01,2014,1,4.3635118,18.5835913,CAF.2.1_1,Bangui,Adm2,RJ,rjArmedNonGovernmentalOrganizedGroup,RJ
Banguipeople,RJ,Bangui,2014-01-01,2014,1,4.3635118,18.5835913,CAF.2_1,Bangui,Adm1,RJ,rjArmedNonGovernmentalOrganizedGroup,RJ
Banguipeople,RJ,Bangui,2014-01-01,2014,1,4.3635118,18.5835913,CAF.2.1_1,Bangui,Adm2,RJ,rjArmedNonGovernmentalOrganizedGroup,RJ
Banguipeople,RJ,Bangui,2014-01-01,2014,1,4.3635118,18.5835913,CAF.2_1,Bangui,Adm1,RJ,rjArmedNonGovernmentalOrganizedGroup,RJ
Banguipeople,RJ,Bangui,2014-01-01,2014,1,4.3635118,18.5835913,CAF.2.1_1,Bangui,Adm2,RJ,rjArmedNonGovernmentalOrganizedGroup,RJ
Banguipeople,RJ,Bangui,2014-01-01,2014,1,4.3635118,18.5835913,CAF.2_1,Bangui,Adm1,RJ,rjArmedNonGovernmentalOrganizedGroup,RJ
Banguipeople,RJ,Bangui,2014-01-01,2014,1,4.3635118,18.5835913,CAF.2.1_1,Bangui,Adm2,RJ,rjArmedNonGovernmentalOrganizedGroup,RJ
Banguipeople,RJ,Bangui,2014-03-01,2014,1,4.3635118,18.5835913,CAF.2_1,Bangui,Adm1,RJ,rjArmedNonGovernmentalOrganizedGroup,RJ
Banguipeople,RJ,Bangui,2014-03-01,2014,1,4.3635118,18.5835913,CAF.2.1_1,Bangui,Adm2,RJ,rjArmedNonGovernmentalOrganizedGroup,RJ
Banguipeople,RJ,Bangui,2014-03-01,2014,1,4.3635118,18.5835913,CAF.2_1,Bangui,Adm1,RJ,rjArmedNonGovernmentalOrganizedGroup,RJ
Banguipeople,RJ,Bangui,2014-03-01,2014,1,4.3635118,18.5835913,CAF.2.1_1,Bangui,Adm2,RJ,rjArmedNonGovernmentalOrganizedGroup,RJ
Banguipeople,RJ,Bangui,2014-03-01,2014,1,4.3635118,18.5835913,CAF.2_1,Bangui,Adm1,RJ,rjArmedNonGovernmentalOrganizedGroup,RJ
Banguipeople,RJ,Bangui,2014-03-01,2014,1,4.3635118,18.5835913,CAF.2.1_1,Bangui,Adm2,RJ,rjArmedNonGovernmentalOrganizedGroup,RJ
Banguipeople,RJ,Bangui,2014-03-01,2014,1,4.3635118,18.5835913,CAF.2_1,Bangui,Adm1,RJ,rjArmedNonGovernmentalOrganizedGroup,RJ
Banguipeople,RJ,Bangui,2014-03-01,2014,1,4.3635118,18.5835913,CAF.2.1_1,Bangui,Adm2,RJ,rjArmedNonGovernmentalOrganizedGroup,RJ
Banguipeople,RJ,Bangui,2014-05-01,2014,1,4.3635118,18.5835913,CAF.2_1,Bangui,Adm1,RJ,rjArmedNonGovernmentalOrganizedGroup,RJ
Banguipeople,RJ,Bangui,2014-05-01,2014,1,4.3635118,18.5835913,CAF.2.1_1,Bangui,Adm2,RJ,rjArmedNonGovernmentalOrganizedGroup,RJ
Banguipeople,RJ,Bangui,2014-05-01,2014,1,4.3635118,18.5835913,CAF.2_1,Bangui,Adm1,RJ,rjArmedNonGovernmentalOrganizedGroup,RJ
Banguipeople,RJ,Bangui,2014-05-01,2014,1,4.3635118,18.5835913,CAF.2.1_1,Bangui,Adm2,RJ,rjArmedNonGovernmentalOrganizedGroup,RJ
Banguipeople,RJ,Bangui,2016-02-01,2016,1,4.3635118,18.5835913,CAF.2_1,Bangui,Adm1,RJ,rjArmedNonGovernmentalOrganizedGroup,RJ
Banguipeople,RJ,Bangui,2016-02-01,2016,1,4.3635118,18.5835913,CAF.2.1_1,Bangui,Adm2,RJ,rjArmedNonGovernmentalOrganizedGroup,RJ
Banguipeople,RPRC,Bangui,2016-02-01,2016,1,4.3635118,18.5835913,CAF.2_1,Bangui,Adm1,RPRC,rprcArmedNonGovernmentalOrganizedGroup,RPRC
Banguipeople,RPRC,Bangui,2016-02-01,2016,1,4.3635118,18.5835913,CAF.2.1_1,Bangui,Adm2,RPRC,rprcArmedNonGovernmentalOrganizedGroup,RPRC
Banguipeople,UPC,Bangui,2016-02-01,2016,1,4.3635118,18.5835913,CAF.2_1,Bangui,Adm1,UPC,upcArmedNonGovernmentalOrganizedGroup,UPC
Banguipeople,UPC,Bangui,2016-02-01,2016,1,4.3635118,18.5835913,CAF.2.1_1,Bangui,Adm2,UPC,upcArmedNonGovernmentalOrganizedGroup,UPC
Banguipeople,anti-balaka,Bangui,2014-01-01,2014,1,4.3635118,18.5835913,CAF.2_1,Bangui,Adm1,Anti-Balaka,antibalakaArmedNonGovernmentalOrganizedGroup,Anti-Balaka
Banguipeople,anti-balaka,Bangui,2014-01-01,2014,1,4.3635118,18.5835913,CAF.2.1_1,Bangui,Adm2,Anti-Balaka,antibalakaArmedNonGovernmentalOrganizedGroup,Anti-Balaka
Banguipeople,anti-balaka,Bangui,2014-01-01,2014,1,4.3635118,18.5835913,CAF.2_1,Bangui,Adm1,Anti-Balaka,antibalakaArmedNonGovernmentalOrganizedGroup,Anti-Balaka
Banguipeople,anti-balaka,Bangui,2014-01-01,2014,1,4.3635118,18.5835913,CAF.2.1_1,Bangui,Adm2,Anti-Balaka,antibalakaArmedNonGovernmentalOrganizedGroup,Anti-Balaka
Banguipeople,anti-balaka,Bangui,2014-01-01,2014,1,4.3635118,18.5835913,CAF.2_1,Bangui,Adm1,Anti-Balaka,antibalakaArmedNonGovernmentalOrganizedGroup,Anti-Balaka
Banguipeople,anti-balaka,Bangui,2014-01-01,2014,1,4.3635118,18.5835913,CAF.2.1_1,Bangui,Adm2,Anti-Balaka,antibalakaArmedNonGovernmentalOrganizedGroup,Anti-Balaka
Banguipeople,anti-balaka,Bangui,2014-01-01,2014,1,4.3635118,18.5835913,CAF.2_1,Bangui,Adm1,Anti-Balaka,antibalakaArmedNonGovernmentalOrganizedGroup,Anti-Balaka
Banguipeople,anti-balaka,Bangui,2014-01-01,2014,1,4.3635118,18.5835913,CAF.2.1_1,Bangui,Adm2,Anti-Balaka,antibalakaArmedNonGovernmentalOrganizedGroup,Anti-Balaka
Banguipeople,anti-balaka,Bangui,2014-03-01,2014,1,4.3635118,18.5835913,CAF.2_1,Bangui,Adm1,Anti-Balaka,antibalakaArmedNonGovernmentalOrganizedGroup,Anti-Balaka
Banguipeople,anti-balaka,Bangui,2014-03-01,2014,1,4.3635118,18.5835913,CAF.2.1_1,Bangui,Adm2,Anti-Balaka,antibalakaArmedNonGovernmentalOrganizedGroup,Anti-Balaka
Banguipeople,anti-balaka,Bangui,2014-03-01,2014,1,4.3635118,18.5835913,CAF.2_1,Bangui,Adm1,Anti-Balaka,antibalakaArmedNonGovernmentalOrganizedGroup,Anti-Balaka
Banguipeople,anti-balaka,Bangui,2014-03-01,2014,1,4.3635118,18.5835913,CAF.2.1_1,Bangui,Adm2,Anti-Balaka,antibalakaArmedNonGovernmentalOrganizedGroup,Anti-Balaka
Banguipeople,anti-balaka,Bangui,2014-03-01,2014,1,4.3635118,18.5835913,CAF.2_1,Bangui,Adm1,Anti-Balaka,antibalakaArmedNonGovernmentalOrganizedGroup,Anti-Balaka
Banguipeople,anti-balaka,Bangui,2014-03-01,2014,1,4.3635118,18.5835913,CAF.2.1_1,Bangui,Adm2,Anti-Balaka,antibalakaArmedNonGovernmentalOrganizedGroup,Anti-Balaka
Banguipeople,anti-balaka,Bangui,2014-03-01,2014,1,4.3635118,18.5835913,CAF.2_1,Bangui,Adm1,Anti-Balaka,antibalakaArmedNonGovernmentalOrganizedGroup,Anti-Balaka
Banguipeople,anti-balaka,Bangui,2014-03-01,2014,1,4.3635118,18.5835913,CAF.2.1_1,Bangui,Adm2,Anti-Balaka,antibalakaArmedNonGovernmentalOrganizedGroup,Anti-Balaka
Banguipeople,anti-balaka,Bangui,2014-05-01,2014,1,4.3635118,18.5835913,CAF.2_1,Bangui,Adm1,Anti-Balaka,antibalakaArmedNonGovernmentalOrganizedGroup,Anti-Balaka
Banguipeople,anti-balaka,Bangui,2014-05-01,2014,1,4.3635118,18.5835913,CAF.2.1_1,Bangui,Adm2,Anti-Balaka,antibalakaArmedNonGovernmentalOrganizedGroup,Anti-Balaka
Banguipeople,anti-balaka,Bangui,2014-05-01,2014,1,4.3635118,18.5835913,CAF.2_1,Bangui,Adm1,Anti-Balaka,antibalakaArmedNonGovernmentalOrganizedGroup,Anti-Balaka
Banguipeople,anti-balaka,Bangui,2014-05-01,2014,1,4.3635118,18.5835913,CAF.2.1_1,Bangui,Adm2,Anti-Balaka,antibalakaArmedNonGovernmentalOrganizedGroup,Anti-Balaka
Banguipeople,anti-balaka,Bangui,2016-02-01,2016,1,4.3635118,18.5835913,CAF.2_1,Bangui,Adm1,Anti-Balaka,antibalakaArmedNonGovernmentalOrganizedGroup,Anti-Balaka
Banguipeople,anti-balaka,Bangui,2016-02-01,2016,1,4.3635118,18.5835913,CAF.2.1_1,Bangui,Adm2,Anti-Balaka,antibalakaArmedNonGovernmentalOrganizedGroup,Anti-Balaka
