"date_start","side_a","side_b","adm_2"
"2011-09","CPJP","Seleka","Bria region"
"2013-09","anti-Balaka","FPRC","Bossembélé region"
"2013-09","anti-Balaka","FPRC","Bossangoa region"
"2013-10","anti-Balaka","FPRC","Bangassou region"
"2013-10","anti-Balaka","FPRC","Bossangoa region"
"2013-10","anti-Balaka","FPRC","Koui region"
"2013-10","anti-Balaka","FPRC","Yaloké region"
"2013-10","anti-Balaka","FPRC","Bossembélé region"
"2013-11","anti-Balaka","FPRC","Yaloké region"
"2013-11","anti-Balaka","FPRC","Bouca region"
"2013-12","anti-Balaka","FPRC","Bozoum region"
"2013-12","anti-Balaka","FPRC","Bimbo region"
"2013-12","anti-Balaka","FPRC","Bangui region"
"2014-01","anti-Balaka","FPRC","Bangui region"
"2014-01","anti-Balaka","FPRC","Boganangone region"
"2014-01","anti-Balaka","FPRC","Bozoum region"
"2014-01","anti-Balaka","FPRC","Kaga-Bandoro region"
"2014-01","anti-Balaka","FPRC","Yaloké region"
"2014-01","anti-Balaka","FPRC","Boali region"
"2014-01","anti-Balaka","FPRC","Bocaranga region"
"2014-01","anti-Balaka","FPRC","Bouar region"
"2014-01","anti-Balaka","FPRC","Bossemtélé region"
"2014-01","anti-Balaka","FPRC","Baoro region"
"2014-02","anti-Balaka","FPRC","Kaga-Bandoro region"
"2014-02","anti-Balaka","FPRC","Bangui region"
"2014-02","anti-Balaka","FPRC","Gadzi region"
"2014-02","anti-Balaka","FPRC","Bimbo region"
"2014-02","anti-Balaka","FPRC","Bouca region"
"2014-03","anti-Balaka","FPRC","Bangui region"
"2014-03","anti-Balaka","FPRC","Bouar region"
"2014-03","anti-Balaka","FPRC","Kaga-Bandoro region"
"2014-04","anti-Balaka","FPRC","Dékoa region"
"2014-04","anti-Balaka","FPRC","Batangafo region"
"2014-04","anti-Balaka","FPRC","Grimari region"
"2014-04","anti-Balaka","FPRC","Bouca region"
"2014-05","anti-Balaka","FPRC","Mala region"
"2014-05","anti-Balaka","FPRC","Kaga-Bandoro region"
"2014-05","anti-Balaka","FPRC","Bozoum region"
"2014-05","anti-Balaka","FPRC","Dékoa region"
"2014-06","anti-Balaka","FPRC","Bambari region"
"2014-06","anti-Balaka","FPRC","Batangafo region"
"2014-06","anti-Balaka","FPRC","Bangui region"
"2014-07","anti-Balaka","FPRC","Dékoa region"
"2014-07","anti-Balaka","FPRC","Bambari region"
"2014-07","anti-Balaka","FPRC","Bangui region"
"2014-07","anti-Balaka","FPRC","Batangafo region"
"2014-10","anti-Balaka","FPRC","Bangui region"
"2015-10","anti-Balaka","FPRC","Bangui region"
"2016-09","anti-Balaka","FPRC","Kaga-Bandoro region"
"2017-05","anti-Balaka","FPRC","Bakouma region"
"2017-06","anti-Balaka","FPRC","Bakouma region"
"2017-07","anti-Balaka","FPRC","Bakouma region"
"2017-10","anti-Balaka","FPRC","Bakouma region"
"2018-02","anti-Balaka","FPRC","Bria region"
"2018-08","anti-Balaka","FPRC","Bria region"
"2019-11","anti-Balaka","FPRC","Bria region"
"2019-12","anti-Balaka","FPRC","Bria region"
"2020-01","anti-Balaka","FPRC","Bria region"
"2014-10","anti-Balaka","UPC","Bambari region"
"2014-10","anti-Balaka","UPC","Kouango region"
"2014-10","anti-Balaka","UPC","Mbrès region"
"2014-12","anti-Balaka","UPC","Bambari region"
"2014-12","anti-Balaka","UPC","Kouango region"
"2015-02","anti-Balaka","UPC","Bambari region"
"2015-04","anti-Balaka","UPC","Kouango region"
"2015-05","anti-Balaka","UPC","Kouango region"
"2015-07","anti-Balaka","UPC","Markounda region"
"2015-08","anti-Balaka","UPC","Kouango region"
"2015-08","anti-Balaka","UPC","Zangba region"
"2015-08","anti-Balaka","UPC","Mbrès region"
"2015-08","anti-Balaka","UPC","Bambari region"
"2015-10","anti-Balaka","UPC","Bangui region"
"2015-11","anti-Balaka","UPC","Bambari region"
"2015-11","anti-Balaka","UPC","Ippy region"
"2016-03","anti-Balaka","UPC","Bambari region"
"2016-10","anti-Balaka","UPC","Bambari region"
"2016-12","anti-Balaka","UPC","Bambari region"
"2017-03","anti-Balaka","UPC","Ippy region"
"2017-03","anti-Balaka","UPC","Mingala region"
"2017-04","anti-Balaka","UPC","Rafai region"
"2017-04","anti-Balaka","UPC","Bangassou region"
"2017-05","anti-Balaka","UPC","Alindao region"
"2017-05","anti-Balaka","UPC","Zangba region"
"2017-05","anti-Balaka","UPC","Ippy region"
"2017-06","anti-Balaka","UPC","Alindao region"
"2017-06","anti-Balaka","UPC","Bambari region"
"2017-07","anti-Balaka","UPC","Mobaye region"
"2017-07","anti-Balaka","UPC","Alindao region"
"2017-07","anti-Balaka","UPC","Mingala region"
"2017-08","anti-Balaka","UPC","Gambo region"
"2017-08","anti-Balaka","UPC","Alindao region"
"2017-08","anti-Balaka","UPC","Ouango region"
"2017-08","anti-Balaka","UPC","Mingala region"
"2017-09","anti-Balaka","UPC","Mingala region"
"2017-09","anti-Balaka","UPC","Kembé region"
"2017-09","anti-Balaka","UPC","Alindao region"
"2017-09","anti-Balaka","UPC","Zemio region"
"2017-09","anti-Balaka","UPC","Bangassou region"
"2017-10","anti-Balaka","UPC","Kembé region"
"2017-10","anti-Balaka","UPC","Mobaye region"
"2017-10","anti-Balaka","UPC","Alindao region"
"2017-10","anti-Balaka","UPC","Gambo region"
"2017-10","anti-Balaka","UPC","Bangassou region"
"2017-11","anti-Balaka","UPC","Mobaye region"
"2017-11","anti-Balaka","UPC","Kembé region"
"2017-11","anti-Balaka","UPC","Rafai region"
"2018-01","anti-Balaka","UPC","Kembé region"
"2018-02","anti-Balaka","UPC","Alindao region"
"2018-03","anti-Balaka","UPC","Alindao region"
"2018-03","anti-Balaka","UPC","Bambari region"
"2018-07","anti-Balaka","UPC","Gambo region"
"2018-08","anti-Balaka","UPC","Kouango region"
"2018-11","anti-Balaka","UPC","Alindao region"
"2019-01","anti-Balaka","UPC","Bambari region"
"2019-03","anti-Balaka","UPC","Mobaye region"
"2019-04","anti-Balaka","UPC","Zangba region"
"2019-06","anti-Balaka","UPC","Kouango region"
"2019-09","anti-Balaka","UPC","Kouango region"
"2019-10","anti-Balaka","UPC","Bambari region"
"2020-07","anti-Balaka","UPC","Mobaye region"
"2016-12","FPRC","UPC","Bria region"
"2017-02","FPRC","UPC","Bambari region"
"2017-03","FPRC","UPC","Alindao region"
"2020-11","FPRC","UPC","Bria region"
"2017-02","anti-Balaka","MPC","Markounda region"
"2017-07","anti-Balaka","MPC","Kaga-Bandoro region"
"2017-07","anti-Balaka","MPC","Batangafo region"
"2017-08","anti-Balaka","MPC","Ngaoundaye region"
"2017-09","anti-Balaka","MPC","Batangafo region"
"2017-10","anti-Balaka","MPC","Batangafo region"
"2017-12","anti-Balaka","MPC","Mbrès region"
"2017-12","anti-Balaka","MPC","Batangafo region"
"2020-01","anti-Balaka","MPC","Batangafo region"
"2020-09","anti-Balaka","MPC","Markounda region"
"2020-10","anti-Balaka","MPC","Batangafo region"
"2016-01","3R","anti-Balaka","Bocaranga region"
"2017-01","3R","anti-Balaka","Koui region"
"2017-02","3R","anti-Balaka","Bocaranga region"
"2017-06","3R","anti-Balaka","Gamboula region"
"2017-08","3R","anti-Balaka","Bouar region"
"2017-09","3R","anti-Balaka","Gamboula region"
"2017-09","3R","anti-Balaka","Bocaranga region"
"2017-11","3R","anti-Balaka","Gamboula region"
"2017-05","anti-Balaka, FPRC-AK","FPRC","Bria region"
"2017-06","anti-Balaka, FPRC-AK","FPRC","Bria region"
"2017-07","anti-Balaka, FPRC-AK","FPRC","Bria region"
"2017-08","anti-Balaka, FPRC-AK","FPRC","Bria region"
"2017-09","anti-Balaka, FPRC-AK","FPRC","Bria region"
"2017-11","anti-Balaka, FPRC-AK","FPRC","Bria region"
"2017-12","anti-Balaka, FPRC-AK","FPRC","Ippy region"
"2017-12","anti-Balaka, FPRC-AK","FPRC","Bambari region"
"2017-12","MNLC","RJ","Paoua region"
"2018-01","MNLC","RJ","Ngaoundaye region"
"2018-01","MNLC","RJ","Paoua region"
"2018-01","MNLC","RJ","Markounda region"
"2016-11","Anti-Balaka - Mokom, FPRC, MPC, RPRC","UPC","Bria region"
"2016-11","Anti-Balaka - Mokom, FPRC, MPC, RPRC","UPC","Bakala region"
"2016-12","Anti-Balaka - Mokom, FPRC, MPC, RPRC","UPC","Bria region"
"2017-03","Anti-Balaka - Mokom, FPRC, MPC, RPRC","UPC","Bakouma region"
"2017-03","Anti-Balaka - Mokom, FPRC, MPC, RPRC","UPC","Bria region"
"2017-03","Anti-Balaka - Mokom, FPRC, MPC, RPRC","UPC","Bambari region"
"2017-05","Anti-Balaka - Mokom, FPRC, MPC, RPRC","UPC","Ippy region"
"2017-06","anti-Balaka","Peuhl militia (Zemio)","Zemio region"
"2017-08","anti-Balaka","Peuhl militia (Zemio)","Zemio region"
"2017-10","anti-Balaka","Peuhl militia (Zemio)","Zemio region"
"2018-06","FPRC","MPC","Ndélé region"
"2018-07","FPRC","MPC","Kaga-Bandoro region"
"2019-07","FPRC","MLCJ","Birao region"
"2019-09","FPRC","MLCJ","Birao region"
"2019-10","FPRC","MLCJ","Birao region"
"2019-12","FPRC","MLCJ","Birao region"
"2020-01","FPRC","MLCJ","Birao region"
"2020-01","FPRC","MLCJ","Bria region"
"2020-02","FPRC","MLCJ","Birao region"
"2020-03","FPRC","MLCJ, PRNC, RPRC","Ndélé region"
"2020-04","FPRC","MLCJ, PRNC, RPRC","Ndélé region"
"2020-03","FPRC","MLCJ, RPRC","Ndélé region"
"2023-03","Azande Ani Kpi Gbe","CPC","Obo region"
"2023-05","Azande Ani Kpi Gbe","CPC","Obo region"
"2023-06","Azande Ani Kpi Gbe","CPC","Obo region"
"2023-07","Azande Ani Kpi Gbe","CPC","Obo region"
"2023-08","Azande Ani Kpi Gbe","CPC","Obo region"
"2023-08","Azande Ani Kpi Gbe","CPC","Zemio region"
